試合日,対戦相手,home,ホークス得点,相手得点,season,margin,target,month,games_before,season_win_rate,win_rate_5,win_rate_10,win_rate_20,run_diff_5,run_diff_10,run_diff_20,runs_for_10,runs_against_10,h2h_win_rate,h2h_run_diff,rest_days,未校正ホークス勝率,校正済ホークス勝率,prediction,予測点差,AI予測,AI勝率,ホークスハンデ,相手ハンデ,ホークスハンデ原表記,相手ハンデ原表記,ハンデを出す側,ハンデ補正後点差,ハンデ勝敗,AIハンデ予測,ハンデ的中,通常的中,split
2025-02-22,オリックス,1,7.0,0.0,2025,7.0,1.0,2,0,0.5,0.5,0.5,0.5,0.0,0.0,0.0,3.5,3.5,0.5,0.0,14,0.9950885996527348,0.5489268444908152,0,5.334483556572139,敗,45.10731555091848,0.5,,0.5,,ソフトバンク,6.5,勝,勝,True,False,2025_calibration
2025-02-23,オリックス,0,1.0,9.0,2025,-8.0,0.0,2,1,1.0,1.0,1.0,1.0,7.0,7.0,7.0,7.0,0.0,1.0,7.0,0,0.2116937517121861,0.6495453867253215,1,-3.108438474623852,勝,64.95453867253215,0.7,,0.7,,ソフトバンク,-8.7,敗,敗,True,False,2025_calibration
2025-03-04,ヤクルト,1,3.0,4.0,2025,-1.0,0.0,3,2,0.5,0.5,0.5,0.5,-0.5,-0.5,-0.5,4.0,4.5,0.5,0.0,8,0.9795829531861175,0.5714570441333718,0,4.737983250624496,敗,42.854295586662815,0.6,,0.6,,ソフトバンク,-1.6,敗,勝,False,True,2025_calibration
2025-03-05,ヤクルト,1,3.0,1.0,2025,2.0,1.0,3,3,0.3333333333333333,0.3333333333333333,0.3333333333333333,0.3333333333333333,-0.6666666666666666,-0.6666666666666666,-0.6666666666666666,3.6666666666666665,4.333333333333333,0.0,-1.0,0,0.975265745730655,0.5745055714565268,0,6.961307815733391,敗,42.54944285434732,0.6,,0.6,,ソフトバンク,1.4,勝,勝,True,False,2025_calibration
2025-03-07,ロッテ,0,3.0,2.0,2025,1.0,1.0,3,4,0.5,0.5,0.5,0.5,0.0,0.0,0.0,3.5,3.5,0.5,0.0,1,0.8578369063374648,0.6033491229446466,1,5.1681238839700185,勝,60.33491229446466,0.5,,0.5,,ソフトバンク,0.5,勝,勝,True,True,2025_calibration
2025-03-08,ロッテ,0,6.0,4.0,2025,2.0,1.0,3,5,0.6,0.6,0.6,0.6,0.2,0.2,0.2,3.4,3.2,1.0,1.0,0,0.4841651755036519,0.6312509783298449,1,2.851155288780401,勝,63.12509783298449,0.6,,0.6,,ソフトバンク,1.4,勝,勝,True,True,2025_calibration
2025-03-12,巨人,1,3.0,4.0,2025,-1.0,0.0,3,8,0.6666666666666666,0.6,0.6666666666666666,0.6666666666666666,1.0,0.375,0.375,4.0,3.625,0.5,0.0,0,0.7000746225767297,0.6176874870024563,1,3.1765920480385605,勝,61.76874870024564,0.0,,0,,ソフトバンク,-1.0,敗,勝,False,False,2025_calibration
2025-03-13,巨人,1,5.0,0.0,2025,5.0,1.0,3,9,0.5714285714285714,0.6,0.5714285714285714,0.5714285714285714,0.4,0.2222222222222222,0.2222222222222222,3.888888888888889,3.6666666666666665,0.0,-0.5,0,0.9273069207611961,0.5919201043375995,0,5.71492537750475,敗,40.80798956624005,0.2,,0.2,,ソフトバンク,4.8,勝,勝,True,False,2025_calibration
2025-03-15,日本ハム,1,4.0,2.0,2025,2.0,1.0,3,11,0.625,0.8,0.625,0.625,0.8,0.0,0.6363636363636364,3.5,3.5,0.5,0.0,0,0.6889444768403585,0.6184738151075918,1,3.942679611488895,勝,61.84738151075918,0.5,,0.5,,ソフトバンク,1.5,勝,勝,True,True,2025_calibration
2025-03-16,日本ハム,1,3.0,8.0,2025,-5.0,0.0,3,12,0.6666666666666666,0.8,0.6666666666666666,0.6666666666666666,1.2,1.0,0.75,3.8,2.8,1.0,1.0,0,0.3243373135881098,0.6411047911111816,1,1.0735760986572065,勝,64.11047911111815,0.0,,0,,ソフトバンク,-5.0,敗,勝,False,False,2025_calibration
2025-03-18,中日,1,5.0,0.0,2025,5.0,1.0,3,13,0.6,0.6,0.6,0.6,0.2,0.6,0.3076923076923077,3.8,3.2,0.5,0.0,1,0.8099939106579603,0.6086167098284477,1,2.923872972274654,勝,60.86167098284477,1.0,,1.0,,ソフトバンク,4.0,勝,勝,True,True,2025_calibration
2025-03-19,中日,1,1.0,2.0,2025,-1.0,0.0,3,14,0.6363636363636364,0.6,0.6,0.6363636363636364,1.4,0.9,0.6428571428571429,4.0,3.1,1.0,5.0,0,0.4438395927805014,0.6336454383186597,1,0.27745019077422595,勝,63.36454383186597,1.2,,1.2,,ソフトバンク,-2.2,敗,敗,True,False,2025_calibration
2025-03-21,広島,1,5.0,1.0,2025,4.0,1.0,3,15,0.5833333333333334,0.6,0.6,0.5833333333333334,0.2,0.7,0.5333333333333333,3.8,3.1,0.5,0.0,1,0.848546579624299,0.60447592862443,1,3.592472782800114,勝,60.447592862443,1.0,,1.0,,ソフトバンク,3.0,勝,勝,True,True,2025_calibration
2025-03-22,広島,1,1.0,2.0,2025,-1.0,0.0,3,16,0.6153846153846154,0.6,0.7,0.6153846153846154,1.0,0.9,0.75,3.7,2.8,1.0,4.0,0,0.5138891903114049,0.6294914977001183,1,1.4133010686281646,勝,62.94914977001183,1.0,,1.0,,ソフトバンク,-2.0,敗,勝,False,False,2025_calibration
2025-03-23,広島,0,3.0,1.0,2025,2.0,1.0,3,17,0.5714285714285714,0.4,0.6,0.5714285714285714,0.4,0.8,0.6470588235294118,3.3,2.5,0.5,1.5,0,0.7317808884684699,0.6153453796287522,1,2.9882527493240802,勝,61.53453796287523,0.5,,0.5,,ソフトバンク,1.5,勝,勝,True,True,2025_calibration
2025-03-28,ロッテ,1,2.0,8.0,2025,-6.0,0.0,3,18,0.6,0.6,0.6,0.6,1.8,1.0,0.7222222222222222,3.2,2.2,1.0,1.0,4,0.7144195328227176,0.6166479768935984,1,1.0995713762043144,勝,61.664797689359844,1.3,,1.3,,ソフトバンク,-7.3,敗,敗,True,False,2025_calibration
2025-03-29,ロッテ,1,4.0,5.0,2025,-1.0,0.0,3,19,0.5625,0.4,0.5,0.5625,-0.4,0.5,0.3684210526315789,3.1,2.6,0.6666666666666666,-0.75,0,0.7178900684387999,0.6163916890455514,1,2.268693460647611,勝,61.63916890455514,1.3,,1.3,,ソフトバンク,-2.3,敗,勝,False,False,2025_calibration
2025-03-30,ロッテ,1,4.0,7.0,2025,-3.0,0.0,3,20,0.5294117647058824,0.4,0.5,0.5294117647058824,-0.4,-0.1,0.3,3.0,3.1,0.5,-0.8,0,0.8212195611281553,0.6074869365764936,1,3.6660360191372616,勝,60.748693657649355,0.7,,0.7,,ソフトバンク,-3.7,敗,勝,False,False,2025_calibration
2025-04-01,日本ハム,0,5.0,1.0,2025,4.0,1.0,4,21,0.5,0.2,0.4,0.5,-1.8,-0.4,-0.2,3.2,3.6,0.5,-1.0,1,0.731687242608461,0.6153525490495364,1,3.6870068750175493,勝,61.53525490495364,0.4,,0.4,,ソフトバンク,3.6,勝,勝,True,True,2025_calibration
2025-04-02,日本ハム,0,1.0,3.0,2025,-2.0,0.0,4,22,0.5263157894736842,0.4,0.4,0.5263157894736842,-0.8,-0.2,0.4,3.3,3.5,0.6666666666666666,0.25,0,0.5897401439346737,0.6249291333014134,1,3.2867707948960736,勝,62.49291333014134,,0.0,,0,日本ハム,-2.0,敗,勝,False,False,2025_calibration
2025-04-04,西武,1,0.0,6.0,2025,-6.0,0.0,4,23,0.5,0.2,0.4,0.5,-1.6,0.1,0.35,3.1,3.0,0.5,0.0,1,0.8846571362932844,0.5996988780890224,0,3.1078185500591298,敗,40.03011219109776,1.0,,1.0,,ソフトバンク,-7.0,敗,勝,False,True,2025_calibration
2025-04-05,西武,1,3.0,6.0,2025,-3.0,0.0,4,24,0.47619047619047616,0.2,0.3,0.45,-1.6,-1.0,-0.05,2.6,3.6,0.0,-6.0,0,0.9579280241655346,0.583005567172617,0,5.79612134403463,敗,41.6994432827383,0.8,,0.8,,ソフトバンク,-3.8,敗,勝,False,True,2025_calibration
2025-04-06,西武,1,11.0,1.0,2025,10.0,1.0,4,25,0.45454545454545453,0.2,0.3,0.45,-2.0,-1.2,-0.25,2.8,4.0,0.0,-4.5,0,0.962165797092869,0.5812976510506674,0,6.130078924566523,敗,41.870234894933255,0.7,,0.7,,ソフトバンク,9.3,勝,勝,True,False,2025_calibration
2025-04-08,オリックス,0,5.0,2.0,2025,3.0,1.0,4,26,0.4782608695652174,0.4,0.3,0.5,0.6,-0.6,0.15,3.4,4.0,0.5,-0.5,1,0.8615983573933553,0.6028750875981144,1,4.82530520589371,勝,60.28750875981144,1.5,,1.5,,ソフトバンク,1.5,勝,勝,True,True,2025_calibration
2025-04-09,オリックス,0,10.0,9.0,2025,1.0,1.0,4,27,0.5,0.4,0.4,0.5,0.4,-0.2,0.3,3.8,4.0,0.6666666666666666,0.6666666666666666,0,0.7686929449392638,0.6123764766290692,1,4.355730171729894,勝,61.23764766290692,0.6,,0.6,,ソフトバンク,0.4,勝,勝,True,True,2025_calibration
2025-04-11,ロッテ,0,5.0,4.0,2025,1.0,1.0,4,29,0.52,0.6,0.4,0.5,2.2,0.3,0.4,4.4,4.1,0.4,-1.1666666666666667,0,0.8625457082108992,0.6027539666143442,1,5.44121423296205,勝,60.27539666143442,0.4,,0.4,,ソフトバンク,0.6,勝,勝,True,True,2025_calibration
2025-04-12,ロッテ,0,8.0,0.0,2025,8.0,1.0,4,30,0.5384615384615384,0.8,0.5,0.5,3.0,0.5,0.2,4.5,4.0,0.5,-0.8571428571428571,0,0.8401554530879858,0.605444950656762,1,5.8562593165904655,勝,60.544495065676195,,0.0,,0,ロッテ,8.0,勝,勝,True,True,2025_calibration
2025-04-15,楽天,1,1.0,2.0,2025,-1.0,0.0,4,31,0.5555555555555556,1.0,0.6,0.55,2.6,1.6,0.6,4.9,3.3,0.5,0.0,2,0.90321771524196,0.596704558472981,0,6.335867109039222,敗,40.3295441527019,1.7,,1.7,,ソフトバンク,-2.7,敗,勝,False,True,2025_calibration
2025-04-16,楽天,1,2.0,6.0,2025,-4.0,0.0,4,32,0.5357142857142857,0.8,0.6,0.5,1.8,1.1,0.45,4.5,3.4,0.0,-1.0,0,0.9560514246114873,0.5837092586102239,0,8.084662655098153,敗,41.62907413897761,1.0,,1.0,,ソフトバンク,-5.0,敗,勝,False,True,2025_calibration
2025-04-17,楽天,1,3.0,4.0,2025,-1.0,0.0,4,33,0.5172413793103449,0.6,0.5,0.45,0.8,0.9,0.5,4.6,3.7,0.0,-2.5,0,0.9581129081647046,0.5829346049867414,0,7.797677773921918,敗,41.70653950132586,1.0,,1.0,,ソフトバンク,-2.0,敗,勝,False,True,2025_calibration
2025-04-18,西武,0,1.0,2.0,2025,-1.0,0.0,4,34,0.5,0.4,0.5,0.45,0.6,1.4,0.2,4.9,3.5,0.3333333333333333,0.3333333333333333,0,0.8918195197887927,0.5985983245642462,0,4.69024474168083,敗,40.14016754357538,,0.0,,0,西武,-1.0,敗,勝,False,True,2025_calibration
2025-04-19,西武,0,0.0,1.0,2025,-1.0,0.0,4,35,0.4838709677419355,0.2,0.5,0.4,0.2,1.6,0.2,4.7,3.1,0.25,0.0,0,0.9085776592658665,0.5957432493488912,0,4.399272669077026,敗,40.42567506511088,0.2,,0.2,,ソフトバンク,-1.2,敗,勝,False,True,2025_calibration
2025-04-20,西武,0,3.0,1.0,2025,2.0,1.0,4,36,0.46875,0.0,0.5,0.4,-1.6,0.5,-0.05,3.6,3.1,0.2,-0.2,0,0.9137154997929141,0.5947722074469293,0,4.61769129444246,敗,40.52277925530707,0.5,,0.5,,ソフトバンク,1.5,勝,勝,True,False,2025_calibration
2025-04-23,オリックス,1,6.0,2.0,2025,4.0,1.0,4,37,0.48484848484848486,0.2,0.5,0.4,-1.0,0.4,0.1,3.4,3.0,0.75,0.6,2,0.8646138077836677,0.6024870518256568,1,3.262527408082463,勝,60.24870518256568,0.0,,0,,ソフトバンク,4.0,勝,勝,True,True,2025_calibration
2025-04-25,楽天,0,1.0,0.0,2025,1.0,1.0,4,38,0.5,0.4,0.5,0.45,0.6,0.7,0.2,3.0,2.3,0.0,-2.0,1,0.938871198276268,0.589069672110954,0,6.912384961719229,敗,41.0930327889046,,0.0,,0,楽天,1.0,勝,勝,True,False,2025_calibration
2025-04-26,楽天,0,3.0,6.0,2025,-3.0,0.0,4,39,0.5142857142857142,0.6,0.5,0.45,1.0,0.8,0.55,3.0,2.2,0.25,-1.25,0,0.8790134224665966,0.6005242682776015,1,6.600904643782422,勝,60.05242682776015,0.4,,0.4,,ソフトバンク,-3.4,敗,勝,False,False,2025_calibration
2025-04-27,楽天,0,2.0,3.0,2025,-1.0,0.0,4,40,0.5,0.6,0.4,0.45,0.6,0.4,0.45,2.8,2.4,0.2,-1.6,0,0.8946004241232355,0.5981534439495059,0,6.773849355556622,敗,40.184655605049414,0.3,,0.3,,ソフトバンク,-1.3,敗,勝,False,True,2025_calibration
2025-04-29,日本ハム,1,1.0,2.0,2025,-1.0,0.0,4,41,0.4864864864864865,0.6,0.3,0.45,0.6,-0.5,0.55,2.2,2.7,0.5,-0.2,1,0.8037628140714789,0.6092213658275815,1,3.6499558937010916,勝,60.92213658275815,0.4,,0.4,,ソフトバンク,-1.4,敗,勝,False,False,2025_calibration
2025-04-30,日本ハム,1,1.0,6.0,2025,-5.0,0.0,4,42,0.47368421052631576,0.4,0.3,0.45,0.0,-0.5,0.3,2.2,2.7,0.4,-0.3333333333333333,0,0.7848596861529072,0.6109698473321923,1,3.3314765192045597,勝,61.09698473321923,0.2,,0.2,,ソフトバンク,-5.2,敗,勝,False,False,2025_calibration
2025-05-01,日本ハム,1,2.0,3.0,2025,-1.0,0.0,5,43,0.46153846153846156,0.2,0.3,0.4,-1.8,-0.6,0.15,2.1,2.7,0.3333333333333333,-1.0,0,0.7441375802044947,0.6143844721597592,1,4.191763275628322,勝,61.43844721597592,0.2,,0.2,,ソフトバンク,-1.2,敗,勝,False,False,2025_calibration
2025-05-02,ロッテ,1,4.0,3.0,2025,1.0,1.0,5,44,0.45,0.0,0.3,0.4,-2.2,-0.6,0.4,2.0,2.6,0.5714285714285714,0.25,0,0.7516432438022219,0.6137854640799448,1,3.4445651804925417,勝,61.378546407994484,0.4,,0.4,,ソフトバンク,0.6,勝,勝,True,True,2025_calibration
2025-05-03,ロッテ,1,5.0,0.0,2025,5.0,1.0,5,45,0.4634146341463415,0.2,0.4,0.45,-1.4,-0.4,0.6,2.3,2.7,0.625,0.3333333333333333,0,0.7213663113856817,0.6161329882322796,1,3.8268981246566995,勝,61.61329882322796,0.3,,0.3,,ソフトバンク,4.7,勝,勝,True,True,2025_calibration
2025-05-04,ロッテ,1,5.0,3.0,2025,2.0,1.0,5,46,0.47619047619047616,0.4,0.5,0.5,-0.2,0.2,0.35,2.8,2.6,0.6666666666666666,0.8,0,0.6825259564197668,0.6189199521233448,1,3.8598239284108327,勝,61.891995212334486,0.4,,0.4,,ソフトバンク,1.6,勝,勝,True,True,2025_calibration
2025-05-05,西武,0,2.0,0.0,2025,2.0,1.0,5,47,0.4883720930232558,0.6,0.5,0.5,0.4,0.2,0.3,3.0,2.8,0.3333333333333333,0.16666666666666666,0,0.8107925400744295,0.6085380987419772,1,5.838005252086008,勝,60.853809874197715,0.4,,0.4,,ソフトバンク,1.6,勝,勝,True,True,2025_calibration
2025-05-06,西武,0,10.0,0.0,2025,10.0,1.0,5,48,0.5,0.8,0.5,0.5,1.8,0.0,0.35,2.6,2.6,0.42857142857142855,0.42857142857142855,0,0.7720250295392621,0.6120925590472553,1,5.973956972358722,勝,61.20925590472554,1.3,,1.3,,ソフトバンク,8.7,勝,勝,True,True,2025_calibration
2025-05-07,西武,0,1.0,7.0,2025,-6.0,0.0,5,49,0.5111111111111111,1.0,0.5,0.5,4.0,0.9,0.85,3.5,2.6,0.5,1.625,0,0.7476941449007524,0.6141021476328608,1,5.66737499614408,勝,61.41021476328608,0.3,,0.3,,ソフトバンク,-6.3,敗,勝,False,False,2025_calibration
2025-05-09,オリックス,0,11.0,1.0,2025,10.0,1.0,5,50,0.5,0.8,0.5,0.45,2.6,0.6,0.5,3.3,2.7,0.8,1.1666666666666667,1,0.6580297509426384,0.6205789931244282,1,5.071783370058654,勝,62.05789931244282,,0.2,,0.2,オリックス,10.2,勝,勝,True,True,2025_calibration
2025-05-10,オリックス,0,1.0,6.0,2025,-5.0,0.0,5,51,0.5106382978723404,0.8,0.6,0.45,3.6,1.7,0.6,4.2,2.5,0.8333333333333334,2.4285714285714284,0,0.5703703794172921,0.6261119560127509,1,4.482219199976811,勝,62.61119560127509,,0.0,,0,オリックス,-5.0,敗,勝,False,False,2025_calibration
2025-05-11,オリックス,0,7.0,1.0,2025,6.0,1.0,5,52,0.5,0.6,0.6,0.45,2.2,1.3,0.4,4.2,2.9,0.7142857142857143,1.5,0,0.6327873251414338,0.6222270874363918,1,4.7564460446766725,勝,62.222708743639174,,0.3,,0.3,オリックス,6.3,勝,勝,True,True,2025_calibration
2025-05-13,西武,1,6.0,1.0,2025,5.0,1.0,5,53,0.5102040816326531,0.6,0.7,0.5,3.0,2.4,0.9,4.8,2.4,0.4444444444444444,0.7777777777777778,1,0.8196658765946689,0.607646597814863,1,3.968430156663867,勝,60.764659781486294,1.6,,1.6,,ソフトバンク,3.4,勝,勝,True,True,2025_calibration
2025-05-14,西武,1,1.0,3.0,2025,-2.0,0.0,5,54,0.52,0.6,0.8,0.55,2.0,3.0,1.2,5.2,2.2,0.5,1.2,0,0.7483450759417853,0.6140501833197144,1,3.5692746608645614,勝,61.40501833197144,0.0,,0,,ソフトバンク,-2.0,敗,勝,False,False,2025_calibration
2025-05-15,西武,1,5.0,0.0,2025,5.0,1.0,5,55,0.5098039215686274,0.6,0.7,0.55,2.8,2.7,1.15,4.9,2.2,0.5,1.6,0,0.732108475851464,0.6153202870304292,1,3.1935288397189856,勝,61.53202870304292,0.0,,0,,ソフトバンク,5.0,勝,勝,True,True,2025_calibration
2025-05-16,楽天,1,1.0,5.0,2025,-4.0,0.0,5,56,0.5192307692307693,0.6,0.7,0.6,1.8,2.7,1.45,4.9,2.2,0.16666666666666666,-1.5,0,0.8171379801580517,0.6079040467351067,1,5.556727397783538,勝,60.790404673510665,0.7,,0.7,,ソフトバンク,-4.7,敗,勝,False,False,2025_calibration
2025-05-17,楽天,1,2.0,1.0,2025,1.0,1.0,5,57,0.5094339622641509,0.6,0.6,0.55,2.0,2.1,1.15,4.5,2.4,0.14285714285714285,-1.8571428571428572,0,0.839460521114369,0.6055232963559555,1,5.939856336820182,勝,60.55232963559555,0.4,,0.4,,ソフトバンク,0.6,勝,勝,True,True,2025_calibration
2025-05-18,楽天,1,2.0,1.0,2025,1.0,1.0,5,58,0.5185185185185185,0.6,0.6,0.55,1.0,2.0,1.0,4.5,2.5,0.25,-1.5,0,0.8103941772123318,0.608577343002059,1,5.7565502428447575,勝,60.8577343002059,0.5,,0.5,,ソフトバンク,0.5,勝,勝,True,True,2025_calibration
2025-05-20,日本ハム,0,5.0,2.0,2025,3.0,1.0,5,59,0.5272727272727272,0.6,0.6,0.55,0.2,1.1,1.0,3.7,2.6,0.2857142857142857,-1.0,1,0.6998868944615517,0.6177008900772483,1,4.8427394316865096,勝,61.77008900772483,0.2,,0.2,,ソフトバンク,2.8,勝,勝,True,True,2025_calibration
2025-05-21,日本ハム,0,1.0,2.0,2025,-1.0,0.0,5,60,0.5357142857142857,0.8,0.7,0.6,1.2,2.0,1.3,4.1,2.1,0.375,-0.5555555555555556,0,0.5774298794959849,0.625682761638756,1,4.491388208152902,勝,62.5682761638756,,0.5,,0.5,日本ハム,-0.5,敗,勝,False,False,2025_calibration
2025-05-22,日本ハム,0,4.0,3.0,2025,1.0,1.0,5,61,0.5263157894736842,0.6,0.6,0.6,0.0,0.9,1.3,3.1,2.2,0.3333333333333333,-0.6,0,0.5775133674072516,0.6256776735090049,1,4.245821311574273,勝,62.567767350900496,,0.4,,0.4,日本ハム,1.4,勝,勝,True,True,2025_calibration
2025-05-25,オリックス,1,5.0,13.0,2025,-8.0,0.0,5,62,0.5344827586206896,0.8,0.7,0.65,1.0,1.5,1.4,3.4,1.9,0.75,2.0,2,0.6906550370873382,0.6183540385814991,1,3.3203001584225125,勝,61.83540385814991,0.0,,0,,ソフトバンク,-8.0,敗,勝,False,False,2025_calibration
2025-05-27,日本ハム,1,2.0,5.0,2025,-3.0,0.0,5,63,0.5254237288135594,0.6,0.6,0.65,-0.8,0.1,1.25,3.2,3.1,0.4,-0.5,1,0.6585631527641679,0.620543541528527,1,4.064731637532394,勝,62.054354152852696,,0.3,,0.3,日本ハム,-2.7,敗,勝,False,False,2025_calibration
2025-05-28,日本ハム,1,2.0,1.0,2025,1.0,1.0,5,64,0.5166666666666667,0.4,0.5,0.65,-1.6,-0.7,1.15,2.8,3.5,0.3,-1.0,0,0.6364550247423227,0.6219909866182398,1,3.957240527584987,勝,62.19909866182398,0.7,,0.7,,ソフトバンク,0.30000000000000004,勝,勝,True,True,2025_calibration
2025-06-01,楽天,0,0.0,3.0,2025,-3.0,0.0,6,65,0.5245901639344263,0.4,0.6,0.65,-2.0,-0.4,1.15,2.9,3.3,0.3333333333333333,-1.2222222222222223,3,0.9138899418623178,0.5947383162470531,0,6.2884484309576925,敗,40.52616837529469,0.5,,0.5,,ソフトバンク,-3.5,敗,勝,False,True,2025_calibration
2025-06-03,中日,1,4.0,0.0,2025,4.0,1.0,6,66,0.5161290322580645,0.4,0.5,0.6,-2.4,-1.2,0.75,2.4,3.6,0.5,2.0,1,0.8744804644828386,0.6011630950673186,1,3.7828958232233374,勝,60.11630950673186,0.8,,0.8,,ソフトバンク,3.2,勝,勝,True,True,2025_calibration
2025-06-04,中日,1,8.0,2.0,2025,6.0,1.0,6,67,0.5238095238095238,0.4,0.6,0.6,-1.8,-0.4,0.85,2.7,3.1,0.6666666666666666,2.6666666666666665,0,0.7682542782731864,0.6124136346153681,1,2.8365458914959327,勝,61.241363461536814,1.0,,1.0,,ソフトバンク,5.0,勝,勝,True,True,2025_calibration
2025-06-05,中日,1,8.0,4.0,2025,4.0,1.0,6,68,0.53125,0.6,0.6,0.6,1.0,0.1,1.05,3.3,3.2,0.75,3.5,0,0.7221197737775374,0.6160766470032241,1,2.6134306603634103,勝,61.60766470032241,0.8,,0.8,,ソフトバンク,3.2,勝,勝,True,True,2025_calibration
2025-06-06,ヤクルト,0,2.0,3.0,2025,-1.0,0.0,6,69,0.5384615384615384,0.8,0.6,0.6,2.4,0.4,0.75,3.9,3.5,0.5,0.5,0,0.826147828802352,0.6069730322710619,1,4.637848054611485,勝,60.69730322710619,1.5,,1半5,,ソフトバンク,-2.5,敗,勝,False,False,2025_calibration
2025-06-07,ヤクルト,0,8.0,1.0,2025,7.0,1.0,6,70,0.5303030303030303,0.6,0.5,0.6,2.0,0.0,1.0,3.6,3.6,0.3333333333333333,0.0,0,0.8634987852426463,0.6026313904916824,1,4.403996837596649,勝,60.26313904916824,1.4,,1.4,,ソフトバンク,5.6,勝,勝,True,True,2025_calibration
2025-06-08,ヤクルト,0,2.0,4.0,2025,-2.0,0.0,6,71,0.5373134328358209,0.8,0.6,0.6,4.0,0.8,0.85,4.3,3.5,0.5,1.75,0,0.8106420480905124,0.6085529318875281,1,4.1194882315207755,勝,60.85529318875281,1.0,,1.0,,ソフトバンク,-3.0,敗,勝,False,False,2025_calibration
2025-06-10,巨人,1,5.0,2.0,2025,3.0,1.0,6,72,0.5294117647058824,0.6,0.5,0.6,2.8,0.5,1.0,4.1,3.6,0.5,1.3333333333333333,1,0.824365794695836,0.6071601913740423,1,3.2654992672304477,勝,60.71601913740423,0.5,,0.5,,ソフトバンク,2.5,勝,勝,True,True,2025_calibration
2025-06-11,巨人,1,3.0,7.0,2025,-4.0,0.0,6,73,0.5362318840579711,0.6,0.6,0.6,2.2,1.6,0.85,4.1,2.5,0.6666666666666666,1.75,0,0.696885127146665,0.6179145356311062,1,2.100134069075078,勝,61.79145356311062,0.7,,0.7,,ソフトバンク,-4.7,敗,勝,False,False,2025_calibration
2025-06-13,DeNA,1,4.0,1.0,2025,3.0,1.0,6,75,0.5285714285714286,0.4,0.6,0.55,0.8,1.4,0.5,4.0,2.6,0.5,0.0,0,0.7497186864115256,0.6139402247302761,1,1.6091153447066007,勝,61.39402247302761,0.7,,0.7,,ソフトバンク,2.3,勝,勝,True,True,2025_calibration
2025-06-14,DeNA,1,4.0,0.0,2025,4.0,1.0,6,76,0.5352112676056338,0.6,0.6,0.6,0.0,2.0,0.4,4.4,2.4,1.0,3.0,0,0.48281718708309534,0.6313307519747086,1,-0.050785482023500084,勝,63.13307519747086,0.7,,0.7,,ソフトバンク,3.3,勝,敗,False,True,2025_calibration
2025-06-15,DeNA,1,4.0,3.0,2025,1.0,1.0,6,77,0.5416666666666666,0.6,0.7,0.6,1.2,2.0,0.8,4.4,2.4,1.0,3.5,0,0.46521887655681704,0.632373343473406,1,0.0948074582564098,勝,63.2373343473406,0.6,,0.6,,ソフトバンク,0.4,勝,敗,False,True,2025_calibration
2025-06-17,広島,0,2.0,0.0,2025,2.0,1.0,6,78,0.547945205479452,0.8,0.7,0.65,0.8,1.5,0.8,4.0,2.5,0.6666666666666666,1.6666666666666667,1,0.7737822772404876,0.6119416201262012,1,3.6546538742252395,勝,61.194162012620126,0.4,,0.4,,ソフトバンク,1.6,勝,勝,True,True,2025_calibration
2025-06-18,広島,0,4.0,8.0,2025,-4.0,0.0,6,79,0.5540540540540541,0.8,0.7,0.65,2.0,1.3,0.85,3.4,2.1,0.75,1.75,0,0.6461869792974253,0.6213591671869845,1,3.02756701062117,勝,62.13591671869845,0.2,,0.2,,ソフトバンク,-4.2,敗,勝,False,False,2025_calibration
2025-06-19,広島,0,16.0,2.0,2025,14.0,1.0,6,80,0.5466666666666666,0.8,0.6,0.6,1.2,1.0,0.5,3.6,2.6,0.6,0.6,0,0.7686258734644665,0.6123821613013398,1,4.029066842799917,勝,61.238216130133985,0.5,,0.5,,ソフトバンク,13.5,勝,勝,True,True,2025_calibration
2025-06-20,阪神,0,2.0,1.0,2025,1.0,1.0,6,81,0.5526315789473685,0.8,0.7,0.6,3.4,1.7,1.25,4.4,2.7,0.5,0.0,0,0.6488062082450856,0.6211877285891232,1,3.382603948345304,勝,62.11877285891232,0.3,,0.3,,ソフトバンク,0.7,勝,勝,True,True,2025_calibration
2025-06-21,阪神,0,0.0,3.0,2025,-3.0,0.0,6,82,0.5584415584415584,0.8,0.7,0.65,2.8,2.0,1.25,4.4,2.4,1.0,1.0,0,0.3080392802571,0.6422054523472399,1,1.0936687818219153,勝,64.22054523472399,,0.2,,0.2,阪神,-2.8,敗,勝,False,False,2025_calibration
2025-06-22,阪神,0,3.0,1.0,2025,2.0,1.0,6,83,0.5512820512820513,0.6,0.7,0.6,2.0,1.4,1.5,3.9,2.5,0.5,-1.0,0,0.6239960777084974,0.6227888186741728,1,2.918117918080632,勝,62.27888186741728,,0.3,,0.3,阪神,2.3,勝,勝,True,True,2025_calibration
2025-06-27,ロッテ,0,6.0,3.0,2025,3.0,1.0,6,84,0.5569620253164557,0.6,0.7,0.65,2.0,2.0,1.75,3.9,1.9,0.7,0.9,4,0.8308084326073303,0.6064761217097825,1,2.3139881808866463,勝,60.64761217097825,1.8,,1.8,,ソフトバンク,1.2,勝,勝,True,True,2025_calibration
2025-06-28,ロッテ,0,0.0,5.0,2025,-5.0,0.0,6,85,0.5625,0.8,0.8,0.7,3.4,2.3,1.85,4.5,2.2,0.7,1.0,0,0.6414209771306492,0.621669582293271,1,2.8304765240446716,勝,62.16695822932709,1.2,,1.2,,ソフトバンク,-6.2,敗,勝,False,False,2025_calibration
2025-06-29,ロッテ,0,2.0,1.0,2025,1.0,1.0,6,86,0.5555555555555556,0.6,0.7,0.65,-0.4,1.5,1.75,4.1,2.6,0.6,0.5,0,0.7572244454926637,0.6133319214036661,1,3.5729703732602944,勝,61.33319214036661,0.4,,0.4,,ソフトバンク,0.6,勝,勝,True,True,2025_calibration
2025-07-01,日本ハム,1,1.0,0.0,2025,1.0,1.0,7,87,0.5609756097560976,0.6,0.7,0.7,-0.4,1.2,1.6,3.9,2.7,0.4,-0.4,1,0.5068539889691501,0.6299083132703015,1,1.0378469015570575,勝,62.99083132703015,,0.2,,0.2,日本ハム,1.2,勝,勝,True,True,2025_calibration
2025-07-02,日本ハム,1,2.0,1.0,2025,1.0,1.0,7,88,0.5662650602409639,0.8,0.7,0.7,0.4,1.2,1.35,3.6,2.4,0.4,-0.7,0,0.4561306619508997,0.6329131255973242,1,1.4773206538438972,勝,63.29131255973242,0.0,,0,,ソフトバンク,1.0,勝,勝,True,True,2025_calibration
2025-07-03,日本ハム,1,4.0,1.0,2025,3.0,1.0,7,89,0.5714285714285714,0.8,0.7,0.7,0.2,1.1,1.2,3.6,2.5,0.5,-0.4,0,0.3947884675245909,0.636612250866563,1,1.20031945437146,勝,63.6612250866563,0.0,,0,,ソフトバンク,3.0,勝,勝,True,True,2025_calibration
2025-07-04,西武,1,0.0,1.0,2025,-1.0,0.0,7,90,0.5764705882352941,0.8,0.8,0.7,0.2,1.8,1.4,3.6,1.8,0.6,2.4,0,0.5249860520320686,0.6288329194241593,1,0.9372748004364113,勝,62.88329194241593,1.4,,1.4,,ソフトバンク,-2.4,敗,敗,True,False,2025_calibration
2025-07-05,西武,1,4.0,3.0,2025,1.0,1.0,7,91,0.5697674418604651,0.8,0.7,0.7,1.0,0.3,1.0,2.0,1.7,0.5,1.3,0,0.5415705110986506,0.6278448285373349,1,1.3973797485379282,勝,62.78448285373349,,0.2,,0.2,西武,1.2,勝,勝,True,True,2025_calibration
2025-07-06,西武,1,3.0,1.0,2025,2.0,1.0,7,92,0.5747126436781609,0.8,0.7,0.7,1.0,0.3,1.15,2.2,1.9,0.6,1.5,0,0.4820171736904034,0.6313781001112799,1,1.1198379525899613,勝,63.137810011127996,0.0,,0,,ソフトバンク,2.0,勝,勝,True,True,2025_calibration
2025-07-08,オリックス,0,9.0,1.0,2025,8.0,1.0,7,93,0.5795454545454546,0.8,0.8,0.75,1.2,0.8,1.1,2.5,1.7,0.6666666666666666,1.0,1,0.39372228329312575,0.636677823047282,1,1.446428739815813,勝,63.667782304728206,0.2,,0.2,,ソフトバンク,7.8,勝,勝,True,True,2025_calibration
2025-07-09,オリックス,0,1.0,0.0,2025,1.0,1.0,7,94,0.5842696629213483,0.8,0.8,0.75,2.6,1.4,1.7,3.1,1.7,0.7,1.1,0,0.30194687429248684,0.6426246717824412,1,0.8393194825382446,勝,64.26246717824412,,0.2,,0.2,オリックス,1.2,勝,勝,True,True,2025_calibration
2025-07-10,オリックス,0,0.0,4.0,2025,-4.0,0.0,7,95,0.5888888888888889,0.8,0.8,0.8,2.2,1.2,1.75,2.6,1.4,0.7,2.0,0,0.27351530280666053,0.6446462852868179,1,0.44428167158232357,勝,64.46462852868179,0.5,,0.5,,ソフトバンク,-4.5,敗,敗,True,False,2025_calibration
2025-07-11,楽天,0,0.0,3.0,2025,-3.0,0.0,7,96,0.5824175824175825,0.8,0.8,0.75,1.6,1.3,1.4,2.6,1.3,0.3,-1.4,0,0.4650862593486614,0.6323812117397999,1,3.170521789214761,勝,63.23812117397999,1.8,,1.8,,ソフトバンク,-4.8,敗,勝,False,False,2025_calibration
2025-07-12,楽天,0,0.0,7.0,2025,-7.0,0.0,7,97,0.5760869565217391,0.6,0.7,0.7,0.8,0.9,1.05,2.4,1.5,0.3,-1.6,0,0.4676223880407187,0.6322307787846115,1,2.7613737929190343,勝,63.223077878461154,0.6,,0.6,,ソフトバンク,-7.6,敗,勝,False,False,2025_calibration
2025-07-13,楽天,0,5.0,3.0,2025,2.0,1.0,7,98,0.5698924731182796,0.4,0.6,0.65,-1.0,0.1,0.65,2.3,2.2,0.3,-1.9,0,0.5014784642157297,0.6302265502770702,1,2.9300333932762723,勝,63.02265502770702,0.3,,0.3,,ソフトバンク,1.7,勝,勝,True,True,2025_calibration
2025-07-15,ロッテ,1,10.0,2.0,2025,8.0,1.0,7,99,0.574468085106383,0.4,0.6,0.65,-2.2,0.2,0.65,2.6,2.4,0.7,1.2,1,0.48630890850494274,0.6311241255389892,1,0.21777095396421853,勝,63.11241255389892,1.2,,1.2,,ソフトバンク,6.8,勝,敗,False,True,2025_calibration
2025-07-16,ロッテ,1,6.0,0.0,2025,6.0,1.0,7,100,0.5789473684210527,0.4,0.6,0.7,-0.8,0.7,1.25,3.2,2.5,0.8,2.1,0,0.3193756884901229,0.641436823604228,1,-0.8992158165883353,勝,64.1436823604228,0.8,,0.8,,ソフトバンク,5.2,勝,敗,False,True,2025_calibration
2025-07-19,西武,0,4.0,0.0,2025,4.0,1.0,7,102,0.5833333333333334,0.6,0.7,0.7,1.8,1.3,0.8,3.6,2.3,0.7,1.8,1,0.3445198497401272,0.6397787682921698,1,-0.1586855266696361,勝,63.97787682921698,0.3,,0.3,,ソフトバンク,3.7,勝,敗,False,True,2025_calibration
2025-07-20,西武,0,7.0,3.0,2025,4.0,1.0,7,103,0.5876288659793815,0.8,0.7,0.7,4.0,1.5,1.15,3.7,2.2,0.7,2.0,0,0.29058778696916027,0.6434187904428089,1,0.086916700462774,勝,64.34187904428089,0.3,,0.3,,ソフトバンク,3.7,勝,敗,False,True,2025_calibration
2025-07-21,西武,0,4.0,1.0,2025,3.0,1.0,7,104,0.5918367346938775,1.0,0.7,0.75,4.4,1.1,1.25,3.5,2.4,0.7,2.2,0,0.2913414297321849,0.6433655734680952,1,0.6782637730530683,勝,64.33655734680951,,0.0,,0,西武,3.0,勝,勝,True,True,2025_calibration
2025-07-26,オリックス,1,11.0,3.0,2025,8.0,1.0,7,105,0.5959595959595959,1.0,0.7,0.75,3.4,1.3,1.25,3.8,2.5,0.7,1.3,4,0.6221345375414471,0.6229070405447648,1,0.7513908860997095,勝,62.29070405447648,0.7,,0.7,,ソフトバンク,7.3,勝,勝,True,True,2025_calibration
2025-07-27,オリックス,1,3.0,1.0,2025,2.0,1.0,7,106,0.6,1.0,0.7,0.75,3.8,2.5,1.9,4.9,2.4,0.7,2.0,0,0.3938295479864567,0.63667122350689,1,0.08647536466185413,勝,63.667122350689,1.5,,1半2,,ソフトバンク,0.5,勝,敗,False,True,2025_calibration
2025-07-29,日本ハム,0,5.0,2.0,2025,3.0,1.0,7,107,0.6039603960396039,1.0,0.8,0.8,4.2,3.0,1.95,5.2,2.2,0.6,0.0,1,0.22027414508558985,0.6488125920034596,1,-0.27323996444800147,勝,64.88125920034597,0.5,,0.5,,ソフトバンク,2.5,勝,敗,False,True,2025_calibration
2025-07-31,日本ハム,0,5.0,4.0,2025,1.0,1.0,7,108,0.6078431372549019,1.0,0.9,0.8,4.0,4.0,2.05,5.7,1.7,0.7,0.8,1,0.18177907475724747,0.6522806941389042,1,-0.93384096363945,勝,65.22806941389042,,0.6,,0.6,日本ハム,1.6,勝,敗,False,True,2025_calibration
2025-08-01,楽天,1,3.0,1.0,2025,2.0,1.0,8,109,0.6116504854368932,1.0,1.0,0.8,3.4,3.9,2.05,5.7,1.8,0.4,-1.6,0,0.5376858958723914,0.628076778358558,1,2.4857804811763753,勝,62.8076778358558,1.2,,1.2,,ソフトバンク,0.8,勝,勝,True,True,2025_calibration
2025-08-02,楽天,1,5.0,2.0,2025,3.0,1.0,8,110,0.6153846153846154,1.0,1.0,0.8,3.2,3.3,2.0,5.0,1.7,0.4,-1.5,0,0.5314433024965517,0.6284488396256726,1,2.6980456316351438,勝,62.84488396256725,0.8,,0.8,,ソフトバンク,2.2,勝,勝,True,True,2025_calibration
2025-08-03,楽天,1,8.0,1.0,2025,7.0,1.0,8,111,0.6190476190476191,1.0,1.0,0.8,2.2,3.0,2.2,4.9,1.9,0.5,-0.9,0,0.4947550277861757,0.6306244060413912,1,2.7171109533169555,勝,63.06244060413913,1.3,,1.3,,ソフトバンク,5.7,勝,勝,True,True,2025_calibration
2025-08-05,ロッテ,0,3.0,6.0,2025,-3.0,0.0,8,112,0.6226415094339622,1.0,1.0,0.85,3.2,3.7,2.5,5.5,1.8,0.9,2.9,1,0.271452014058981,0.6447976571325824,1,-0.15517114484318428,勝,64.47976571325825,1.0,,1.0,,ソフトバンク,-4.0,敗,敗,True,False,2025_calibration
2025-08-06,ロッテ,0,12.0,3.0,2025,9.0,1.0,8,113,0.616822429906542,0.8,0.9,0.8,2.0,3.0,2.25,5.4,2.4,0.8,1.8,0,0.288675940485801,0.6435541427743636,1,0.19749384849174811,勝,64.35541427743637,1.2,,1.2,,ソフトバンク,7.8,勝,敗,False,True,2025_calibration
2025-08-07,ロッテ,0,2.0,1.0,2025,1.0,1.0,8,114,0.6203703703703703,0.8,0.9,0.8,3.6,3.5,2.3,5.9,2.4,0.8,2.6,0,0.26618841716984526,0.6451869938233721,1,-0.3524078397705799,勝,64.5186993823372,1.0,,1.0,,ソフトバンク,0.0,分,敗,,True,2025_calibration
2025-08-09,日本ハム,1,4.0,1.0,2025,3.0,1.0,8,115,0.6238532110091743,0.8,0.9,0.8,3.4,3.3,2.3,5.7,2.4,0.8,1.0,1,0.2163137886199338,0.6491482889585509,1,-1.482976852493295,勝,64.9148288958551,0.2,,0.2,,ソフトバンク,2.8,勝,敗,False,True,2025_calibration
2025-08-10,日本ハム,1,1.0,0.0,2025,1.0,1.0,8,116,0.6272727272727273,0.8,0.9,0.8,3.4,2.8,2.65,5.0,2.2,0.8,1.0,0,0.17385182230592214,0.6530612514312498,1,-1.3589410601227154,勝,65.30612514312499,0.5,,0.5,,ソフトバンク,0.5,勝,敗,False,True,2025_calibration
2025-08-11,日本ハム,1,3.0,1.0,2025,2.0,1.0,8,117,0.6306306306306306,0.8,0.9,0.85,2.2,2.7,2.85,4.8,2.1,0.9,1.2,0,0.13345870069764568,0.6575379928747759,1,-1.8646276129332042,勝,65.75379928747759,0.8,,0.8,,ソフトバンク,1.2,勝,敗,False,True,2025_calibration
2025-08-16,ロッテ,1,2.0,7.0,2025,-5.0,0.0,8,118,0.6339285714285714,1.0,0.9,0.9,3.2,2.6,3.3,4.6,2.0,0.8,2.2,4,0.5254422757419891,0.6288058062213044,1,-0.4838848638630593,勝,62.880580622130445,1.5,,1.5,,ソフトバンク,-6.5,敗,敗,True,False,2025_calibration
2025-08-17,ロッテ,1,1.0,0.0,2025,1.0,1.0,8,119,0.6283185840707964,0.8,0.8,0.9,0.4,2.0,2.95,4.3,2.3,0.7,1.5,0,0.36074435142086886,0.6387379992975472,1,-0.4272435091723781,勝,63.87379992975472,1.5,,1半5,,ソフトバンク,-0.5,敗,敗,True,True,2025_calibration
2025-08-19,西武,1,5.0,2.0,2025,3.0,1.0,8,120,0.631578947368421,0.8,0.8,0.9,0.4,1.9,2.6,4.1,2.2,0.7,1.5,1,0.4059046905512107,0.6359318139509808,1,-0.8311793774096636,勝,63.59318139509808,1.7,,1.7,,ソフトバンク,1.3,勝,敗,False,True,2025_calibration
2025-08-20,西武,1,5.0,4.0,2025,1.0,1.0,8,121,0.6347826086956522,0.8,0.8,0.9,0.4,1.9,2.45,4.1,2.2,0.8,2.4,0,0.2923444111148531,0.6432948700186563,1,-1.2514488448355818,勝,64.32948700186563,1.8,,1.8,,ソフトバンク,-0.8,敗,敗,True,True,2025_calibration
2025-08-22,日本ハム,0,3.0,4.0,2025,-1.0,0.0,8,122,0.6379310344827587,0.8,0.8,0.9,0.4,1.3,2.5,3.8,2.5,0.9,1.3,1,0.12089935150149822,0.6591549612851915,1,-1.1474117831730313,勝,65.91549612851915,,0.3,,0.3,日本ハム,-0.7,敗,敗,True,False,2025_calibration
2025-08-23,日本ハム,0,3.0,8.0,2025,-5.0,0.0,8,123,0.6324786324786325,0.6,0.8,0.85,-0.2,1.5,2.25,3.8,2.3,0.9,1.5,0,0.09701304804296572,0.66266844824992,1,-1.6808108954091594,勝,66.266844824992,,0.0,,0,日本ハム,-5.0,敗,敗,True,False,2025_calibration
2025-08-24,日本ハム,0,0.0,1.0,2025,-1.0,0.0,8,124,0.6271186440677966,0.6,0.7,0.8,-0.2,0.1,1.8,2.9,2.8,0.8,0.9,0,0.13377838157679206,0.6574985096954543,1,-0.5327363888002821,勝,65.74985096954543,0.3,,0.3,,ソフトバンク,-1.3,敗,敗,True,False,2025_calibration
2025-08-26,楽天,0,3.0,10.0,2025,-7.0,0.0,8,125,0.6218487394957983,0.4,0.6,0.75,-0.6,-0.1,1.6,2.7,2.8,0.6,-0.1,1,0.3448743826768918,0.6397558010963348,1,1.3151567566643658,勝,63.975580109633476,1.4,,1.4,,ソフトバンク,-8.4,敗,敗,True,False,2025_calibration
2025-08-27,楽天,0,3.0,1.0,2025,2.0,1.0,8,126,0.6166666666666667,0.2,0.5,0.7,-2.6,-1.1,0.85,2.6,3.7,0.6,-0.4,0,0.32369166210554867,0.6411478544363738,1,1.660629209694274,勝,64.11478544363737,1.2,,1.2,,ソフトバンク,0.8,勝,勝,True,True,2025_calibration
2025-08-29,ロッテ,0,3.0,1.0,2025,2.0,1.0,8,127,0.6198347107438017,0.2,0.5,0.7,-2.4,-1.0,0.85,2.8,3.8,0.7,1.3,1,0.3852644486137766,0.637200081141612,1,0.2182894181093038,勝,63.720008114161196,1.2,,1.2,,ソフトバンク,0.8,勝,敗,False,True,2025_calibration
2025-08-30,ロッテ,0,4.0,6.0,2025,-2.0,0.0,8,128,0.6229508196721312,0.4,0.5,0.7,-1.8,-1.0,0.8,2.8,3.8,0.7,2.0,0,0.3585826740542843,0.6388755054888848,1,0.8200696762315702,勝,63.887550548888484,1.0,,1.0,,ソフトバンク,-3.0,敗,敗,True,False,2025_calibration
2025-08-31,ロッテ,0,3.0,4.0,2025,-1.0,0.0,8,129,0.6178861788617886,0.4,0.5,0.65,-1.2,-0.7,0.65,3.0,3.7,0.7,1.7,0,0.3759814990948374,0.6377778738539003,1,0.8840599446221542,勝,63.77778738539003,0.8,,0.8,,ソフトバンク,-1.8,敗,勝,False,False,2025_calibration
2025-09-02,オリックス,1,2.0,1.0,2025,1.0,1.0,9,130,0.6129032258064516,0.4,0.4,0.6,-1.2,-0.9,0.5,3.2,4.1,0.7,2.2,1,0.5761965080670182,0.6257578943802297,1,1.6504638463940897,勝,62.575789438022966,0.6,,0.6,,ソフトバンク,0.4,勝,勝,True,True,2025_calibration
2025-09-03,オリックス,1,7.0,1.0,2025,6.0,1.0,9,131,0.616,0.6,0.4,0.6,0.4,-1.1,0.4,2.9,4.0,0.7,1.9,0,0.5148979581156673,0.6294316923864941,1,2.1583190367447402,勝,62.94316923864941,1.7,,1.7,,ソフトバンク,4.3,勝,勝,True,True,2025_calibration
2025-09-04,オリックス,1,8.0,0.0,2025,8.0,1.0,9,132,0.6190476190476191,0.6,0.4,0.6,1.2,-0.6,0.35,3.1,3.7,0.7,1.5,0,0.48760327467423603,0.631047538949914,1,1.6416712363939423,勝,63.104753894991404,0.8,,0.8,,ソフトバンク,7.2,勝,勝,True,True,2025_calibration
2025-09-05,楽天,1,11.0,0.0,2025,11.0,1.0,9,133,0.6220472440944882,0.6,0.5,0.65,2.4,0.3,0.9,3.6,3.3,0.6,-0.3,0,0.4092888265304923,0.6357257636218029,1,2.219638357127433,勝,63.572576362180286,1.4,,1.4,,ソフトバンク,9.6,勝,勝,True,True,2025_calibration
2025-09-06,楽天,1,2.0,1.0,2025,1.0,1.0,9,134,0.625,0.8,0.6,0.65,5.0,1.9,1.0,4.4,2.5,0.6,0.7,0,0.39614208577530385,0.6365290822598189,1,1.783134320467482,勝,63.65290822598189,1.0,,1.0,,ソフトバンク,0.0,分,勝,,True,2025_calibration
2025-09-07,楽天,1,2.0,4.0,2025,-2.0,0.0,9,135,0.627906976744186,1.0,0.7,0.65,5.4,2.1,1.0,4.6,2.5,0.7,1.1,0,0.3719858086938253,0.6380281745895493,1,2.3867368847686343,勝,63.802817458954934,1.0,,1.0,,ソフトバンク,-3.0,敗,勝,False,False,2025_calibration
2025-09-09,日本ハム,0,4.0,7.0,2025,-3.0,0.0,9,136,0.6230769230769231,0.8,0.7,0.6,4.8,2.6,0.75,4.5,1.9,0.7,0.7,1,0.2428102146250975,0.6469768945108941,1,0.2550420776007539,勝,64.69768945108942,0.4,,0.4,,ソフトバンク,-3.4,敗,敗,True,False,2025_calibration
2025-09-11,ロッテ,0,1.0,9.0,2025,-8.0,0.0,9,137,0.6183206106870229,0.6,0.6,0.55,3.0,2.1,0.55,4.6,2.5,0.6,0.8,1,0.513164745589039,0.6295344401582845,1,1.3844982482659227,勝,62.95344401582845,1.0,,1.0,,ソフトバンク,-9.0,敗,勝,False,False,2025_calibration
2025-09-13,オリックス,0,2.0,1.0,2025,1.0,1.0,9,138,0.6136363636363636,0.4,0.5,0.5,-0.2,1.1,0.05,4.4,3.3,0.8,2.8,1,0.4702091363460299,0.6320774189265115,1,1.2160603735301523,勝,63.20774189265115,0.6,,0.6,,ソフトバンク,0.4,勝,勝,True,True,2025_calibration
2025-09-14,オリックス,0,4.0,3.0,2025,1.0,1.0,9,139,0.6165413533834586,0.4,0.6,0.55,-2.2,1.4,0.35,4.2,2.8,0.8,2.3,0,0.4089250207198994,0.6357478916372036,1,1.2284332255029486,勝,63.57478916372036,0.5,,0.5,,ソフトバンク,0.5,勝,勝,True,True,2025_calibration
2025-09-15,オリックス,0,5.0,0.0,2025,5.0,1.0,9,140,0.6194029850746269,0.4,0.7,0.55,-2.2,1.6,0.35,4.3,2.7,0.9,3.2,0,0.3516840277612417,0.6393166657608631,1,1.066513833554522,勝,63.93166657608631,0.4,,0.4,,ソフトバンク,4.6,勝,勝,True,True,2025_calibration
2025-09-17,西武,1,11.0,8.0,2025,3.0,1.0,9,141,0.6222222222222222,0.6,0.7,0.55,-0.8,2.0,0.45,4.6,2.6,0.8,2.0,1,0.5403010793091585,0.6279206644156682,1,0.848933028721929,勝,62.79206644156682,1.7,,1.7,,ソフトバンク,1.3,勝,敗,False,True,2025_calibration
2025-09-18,日本ハム,1,3.0,2.0,2025,1.0,1.0,9,142,0.625,0.8,0.7,0.55,0.4,1.7,0.55,5.0,3.3,0.6,0.3,0,0.4442712116425286,0.6336196684599849,1,2.1278811825139394,勝,63.36196684599849,0.0,,0,,ソフトバンク,1.0,勝,勝,True,True,2025_calibration
2025-09-20,オリックス,1,4.0,5.0,2025,-1.0,0.0,9,143,0.6277372262773723,1.0,0.7,0.6,2.2,1.0,0.65,4.5,3.5,0.9,2.9,1,0.49288427592276823,0.6307350890503151,1,2.3934043137821934,勝,63.0735089050315,0.7,,0.7,,ソフトバンク,-1.7,敗,勝,False,False,2025_calibration
2025-09-21,オリックス,1,1.0,2.0,2025,-1.0,0.0,9,144,0.6231884057971014,0.8,0.6,0.6,1.8,-0.2,0.85,3.8,4.0,0.8,2.7,0,0.46448911404528065,0.6324166435355437,1,2.441506170013998,勝,63.24166435355437,1.4,,1.4,,ソフトバンク,-2.4,敗,勝,False,False,2025_calibration
2025-09-22,オリックス,1,0.0,1.0,2025,-1.0,0.0,9,145,0.6187050359712231,0.6,0.5,0.6,1.4,-0.4,0.85,3.7,4.1,0.8,3.0,0,0.4285625302716518,0.6345606254041758,1,1.4885068124973007,勝,63.45606254041758,1.3,,1.3,,ソフトバンク,-2.3,敗,勝,False,False,2025_calibration
2025-09-23,オリックス,1,0.0,1.0,2025,-1.0,0.0,9,146,0.6142857142857143,0.4,0.5,0.6,0.2,-0.3,1.15,3.5,3.8,0.7,2.1,0,0.4671302277541109,0.6322599657632288,1,1.13609222016684,勝,63.225996576322885,1.0,,1.0,,ソフトバンク,-2.0,敗,勝,False,False,2025_calibration
2025-09-24,楽天,0,8.0,3.0,2025,5.0,1.0,9,147,0.6099290780141844,0.2,0.5,0.55,-0.6,-0.1,1.0,3.1,3.2,0.7,1.2,0,0.31324166401591885,0.6418509370293239,1,1.8929063649737117,勝,64.18509370293239,1.6,,1.6,,ソフトバンク,3.4,勝,勝,True,True,2025_calibration
2025-09-25,楽天,0,6.0,0.0,2025,6.0,1.0,9,148,0.6126760563380281,0.2,0.6,0.55,0.2,1.2,1.15,3.8,2.6,0.8,2.4,0,0.24953844079412552,0.6464509104559645,1,0.8776675272692193,勝,64.64509104559644,1.7,,1.7,,ソフトバンク,4.3,勝,敗,False,True,2025_calibration
2025-09-26,楽天,0,4.0,3.0,2025,1.0,1.0,9,149,0.6153846153846154,0.4,0.6,0.6,1.6,1.7,1.55,4.2,2.5,0.8,2.8,0,0.23784382987622082,0.647371288833309,1,0.78603637529702,勝,64.7371288833309,1.7,,1.7,,ソフトバンク,-0.7,敗,敗,True,True,2025_calibration
2025-09-27,西武,0,4.0,1.0,2025,3.0,1.0,9,150,0.6180555555555556,0.6,0.6,0.65,2.0,1.7,1.65,4.2,2.5,0.9,2.5,0,0.23388720906422328,0.6476894197856574,1,-0.5325362262924025,勝,64.76894197856573,1.3,,1.3,,ソフトバンク,1.7,勝,敗,False,True,2025_calibration
2025-09-30,日本ハム,1,1.0,2.0,2025,-1.0,0.0,9,151,0.6206896551724138,0.8,0.6,0.65,2.8,1.5,1.75,4.1,2.6,0.6,0.1,2,0.41746935939119345,0.6352295861319218,1,0.38760096681374157,勝,63.52295861319218,,0.3,,0.3,日本ハム,-0.7,敗,勝,False,False,2025_calibration
2025-10-03,オリックス,1,10.0,2.0,2025,8.0,1.0,10,152,0.6164383561643836,0.8,0.5,0.6,2.8,1.1,1.4,3.1,2.0,0.6,1.8,2,0.7787754671001291,0.6115080201526198,1,0.8811948347142255,勝,61.15080201526199,1.4,,1.4,,ソフトバンク,6.6,勝,敗,False,True,2025_calibration
2025-10-05,ロッテ,0,5.0,2.0,2025,3.0,1.0,10,153,0.6190476190476191,0.8,0.5,0.6,3.4,1.8,1.4,3.8,2.0,0.5,-0.6,1,0.7000348426597156,0.6176903275526706,1,1.2755355125752539,勝,61.76903275526706,1.2,,1.2,,ソフトバンク,1.8,勝,勝,True,True,2025_calibration
2025-10-15,日本ハム,1,2.0,1.0,2025,1.0,1.0,10,154,0.6216216216216216,0.8,0.6,0.6,2.8,2.2,1.0,3.9,1.7,0.5,-0.3,9,0.9111756738132868,0.5952586587030338,0,0.10656430030209607,敗,40.474134129696616,0.8,,0.8,,ソフトバンク,0.19999999999999996,勝,敗,False,False,2025_calibration
2025-10-16,日本ハム,1,3.0,0.0,2025,3.0,1.0,10,155,0.6241610738255033,0.8,0.7,0.6,2.8,2.4,1.0,4.0,1.6,0.5,-0.3,0,0.5364001255629397,0.6281534769865994,1,0.2830353972019891,勝,62.81534769865994,0.4,,0.4,,ソフトバンク,2.6,勝,敗,False,True,2025_calibration
2025-10-17,日本ハム,1,0.0,6.0,2025,-6.0,0.0,10,156,0.6266666666666667,0.8,0.8,0.65,2.8,2.8,1.25,4.3,1.5,0.5,-0.3,0,0.5050041224638537,0.6300178470331286,1,0.08163012142892212,勝,63.00178470331286,,0.2,,0.2,日本ハム,-5.8,敗,勝,False,False,2025_calibration
2025-10-18,日本ハム,1,3.0,9.0,2025,-6.0,0.0,10,157,0.6225165562913907,0.8,0.8,0.65,1.8,2.3,1.1,4.3,2.0,0.4,-1.0,0,0.5944951552229888,0.6246360775294353,1,1.053725262965705,勝,62.46360775294353,,0.2,,0.2,日本ハム,-5.8,敗,勝,False,False,2025_calibration
2025-10-19,日本ハム,1,1.0,7.0,2025,-6.0,0.0,10,158,0.618421052631579,0.6,0.7,0.65,-1.0,1.2,1.2,3.8,2.6,0.3,-1.8,0,0.6720599754342313,0.6196368260434791,1,1.5249998750635032,勝,61.963682604347916,0.2,,0.2,,ソフトバンク,-6.2,敗,勝,False,False,2025_calibration
2025-10-20,日本ハム,1,2.0,1.0,2025,1.0,1.0,10,159,0.6143790849673203,0.4,0.6,0.6,-2.8,0.0,0.85,3.3,3.3,0.3,-2.3,0,0.6975173037375938,0.6178696455039822,1,1.8747020052698735,勝,61.78696455039822,0.4,,0.4,,ソフトバンク,0.6,勝,勝,True,True,2025_calibration
2025-10-25,阪神,1,1.0,2.0,2025,-1.0,0.0,10,160,0.6168831168831169,0.4,0.6,0.6,-2.8,0.0,0.85,3.1,3.1,0.6666666666666666,0.0,4,0.6996471157549309,0.6177180021440516,1,0.2080396216846745,勝,61.77180021440516,,0.2,,0.2,阪神,-0.8,敗,勝,False,False,2025_calibration
2025-10-26,阪神,1,10.0,1.0,2025,9.0,1.0,10,161,0.6129032258064516,0.2,0.5,0.55,-3.6,-0.4,0.55,2.8,3.2,0.5,-0.25,0,0.5778178110413981,0.6256591168167059,1,0.29841698151637575,勝,62.56591168167059,,0.2,,0.2,阪神,9.2,勝,勝,True,True,2025_calibration
2025-10-28,阪神,0,2.0,1.0,2025,1.0,1.0,10,162,0.6153846153846154,0.4,0.6,0.55,-0.6,0.6,0.85,3.7,3.1,0.6,1.6,1,0.4999806999295168,0.6303151926798072,1,0.519142521776107,勝,63.03151926798072,0.4,,0.4,,ソフトバンク,0.6,勝,勝,True,True,2025_calibration
2025-10-29,阪神,0,3.0,2.0,2025,1.0,1.0,10,163,0.6178343949044586,0.6,0.6,0.55,0.8,-0.1,0.85,2.9,3.0,0.6666666666666666,1.5,0,0.3985147644216185,0.6363835160101499,1,1.0608570448982046,勝,63.63835160101499,,0.4,,0.4,阪神,1.4,勝,勝,True,True,2025_calibration
2025-10-30,阪神,0,3.0,2.0,2025,1.0,1.0,10,164,0.620253164556962,0.8,0.6,0.6,2.2,-0.3,0.95,2.7,3.0,0.7142857142857143,1.4285714285714286,0,0.34472531013022306,0.6397654569619613,1,1.1572171168781515,勝,63.976545696196126,,0.0,,0,阪神,1.0,勝,勝,True,True,2025_calibration
2026-03-01,西武,1,6.0,10.0,2026,-4.0,0.0,3,0,0.5,0.5,0.5,0.5,0.0,0.0,0.0,3.5,3.5,0.5,0.0,14,0.994844351964959,0.5496935981675536,0,4.470223987658555,敗,45.03064018324464,0.5,,0.5,,ソフトバンク,-4.5,敗,勝,False,True,2026_final_test
2026-03-03,ヤクルト,1,4.0,3.0,2026,1.0,1.0,3,1,0.0,0.0,0.0,0.0,-4.0,-4.0,-4.0,6.0,10.0,0.5,0.0,1,0.9853225352930058,0.5662263608194481,0,10.721770167074553,敗,43.37736391805519,0.7,,0.7,,ソフトバンク,0.30000000000000004,勝,勝,True,False,2026_final_test
2026-03-04,ヤクルト,1,1.0,3.0,2026,-2.0,0.0,3,2,0.5,0.5,0.5,0.5,-1.5,-1.5,-1.5,5.0,6.5,1.0,1.0,0,0.7021347695984154,0.6175400716691466,1,4.4313407308589,勝,61.75400716691466,0.7,,0.7,,ソフトバンク,-2.7,敗,勝,False,False,2026_final_test
2026-03-05,ヤクルト,1,5.0,1.0,2026,4.0,1.0,3,3,0.3333333333333333,0.3333333333333333,0.3333333333333333,0.3333333333333333,-1.6666666666666667,-1.6666666666666667,-1.6666666666666667,3.6666666666666665,5.333333333333333,0.5,-0.5,0,0.9224314630535879,0.5929961079508026,0,6.23907217439885,敗,40.70038920491974,0.7,,0.7,,ソフトバンク,3.3,勝,勝,True,False,2026_final_test
2026-03-06,阪神,0,0.0,5.0,2026,-5.0,0.0,3,4,0.5,0.5,0.5,0.5,-0.25,-0.25,-0.25,4.0,4.25,0.5,0.0,0,0.7005946915614788,0.6176503300434573,1,4.605870853891428,勝,61.765033004345725,0.2,,0.2,,ソフトバンク,-5.2,敗,勝,False,False,2026_final_test
2026-03-08,オリックス,0,1.0,0.0,2026,1.0,1.0,3,5,0.4,0.4,0.4,0.4,-1.2,-1.2,-1.2,3.2,4.4,0.5,0.0,1,0.9015584586330504,0.5969923547165378,0,6.585370469819788,敗,40.30076452834622,,0.0,,0,オリックス,1.0,勝,勝,True,False,2026_final_test
2026-03-11,巨人,1,15.0,2.0,2026,13.0,1.0,3,7,0.5,0.6,0.5,0.5,-0.4,-0.7142857142857143,-0.7142857142857143,2.7142857142857144,3.4285714285714284,0.5,0.0,0,0.8140657946232157,0.6082131570499917,1,4.900595590468628,勝,60.821315704999165,0.4,,0.4,,ソフトバンク,12.6,勝,勝,True,True,2026_final_test
2026-03-12,巨人,1,0.0,1.0,2026,-1.0,0.0,3,8,0.5714285714285714,0.6,0.5714285714285714,0.5714285714285714,2.6,1.0,1.0,4.25,3.25,1.0,6.5,0,0.478857662347524,0.6315651241203828,1,1.245720612314697,勝,63.15651241203828,0.7,,0.7,,ソフトバンク,-1.7,敗,勝,False,False,2026_final_test
2026-03-14,DeNA,0,2.0,5.0,2026,-3.0,0.0,3,9,0.5,0.6,0.5,0.5,1.6,0.7777777777777778,0.7777777777777778,3.7777777777777777,3.0,0.5,0.0,1,0.7546605989836876,0.6135411545995507,1,3.2479621770621296,勝,61.354115459955075,0.2,,0.2,,ソフトバンク,-3.2,敗,勝,False,False,2026_final_test
2026-03-15,DeNA,0,0.0,5.0,2026,-5.0,0.0,3,10,0.4444444444444444,0.4,0.4444444444444444,0.4444444444444444,2.0,0.4,0.4,3.6,3.2,0.0,-3.0,0,0.8912013200089492,0.5986958322040412,0,4.8123854748838815,敗,40.130416779595876,0.4,,0.4,,ソフトバンク,-5.4,敗,勝,False,True,2026_final_test
2026-03-17,中日,1,5.0,1.0,2026,4.0,1.0,3,11,0.4,0.4,0.4,0.4,0.8,0.3,-0.09090909090909091,3.0,2.7,0.5,0.0,1,0.8688012115463094,0.601935705054472,1,3.3647715536247773,勝,60.193570505447205,0.6,,0.6,,ソフトバンク,3.4,勝,勝,True,True,2026_final_test
2026-03-18,中日,1,3.0,5.0,2026,-2.0,0.0,3,12,0.45454545454545453,0.4,0.5,0.45454545454545453,1.6,0.6,0.25,3.1,2.5,1.0,4.0,0,0.5393948625556585,0.6279747788044904,1,0.9560139798735734,勝,62.79747788044904,0.8,,0.8,,ソフトバンク,-2.8,敗,勝,False,False,2026_final_test
2026-03-20,広島,1,4.0,3.0,2026,1.0,1.0,3,13,0.4166666666666667,0.2,0.4,0.4166666666666667,-1.4,0.6,0.07692307692307693,3.3,2.7,0.5,0.0,1,0.8876617911298337,0.5992447944223876,0,3.229832379255855,敗,40.07552055776124,0.8,,0.8,,ソフトバンク,0.19999999999999996,勝,勝,True,False,2026_final_test
2026-03-21,広島,1,5.0,7.0,2026,-2.0,0.0,3,14,0.46153846153846156,0.4,0.5,0.46153846153846156,-1.0,0.3,0.14285714285714285,3.2,2.9,1.0,1.0,0,0.6274232480701246,0.6225705168768582,1,2.3006357430475797,勝,62.257051687685816,0.6,,0.6,,ソフトバンク,-2.6,敗,勝,False,False,2026_final_test
2026-03-28,日本ハム,1,6.0,4.0,2026,2.0,1.0,3,16,0.42857142857142855,0.4,0.4,0.42857142857142855,0.2,0.5,0.0,4.1,3.6,0.5,0.0,5,0.9163540709981192,0.5942527064835502,0,3.477328255791667,敗,40.574729351644976,0.0,,0,,ソフトバンク,2.0,勝,勝,True,False,2026_final_test
2026-03-29,日本ハム,1,8.0,4.0,2026,4.0,1.0,3,17,0.4666666666666667,0.6,0.5,0.4666666666666667,-0.2,0.7,0.11764705882352941,4.5,3.8,1.0,2.0,0,0.5048593709700883,0.6300264170713731,1,2.48645924463612,勝,63.00264170713731,,0.2,,0.2,日本ハム,4.2,勝,勝,True,True,2026_final_test
2026-03-31,楽天,0,4.0,2.0,2026,2.0,1.0,3,18,0.5,0.6,0.5,0.5,1.0,-0.2,0.3333333333333333,3.8,4.0,0.5,0.0,1,0.8190549452130106,0.6077090786763574,1,6.454195151649497,勝,60.770907867635735,1.0,,1.0,,ソフトバンク,1.0,勝,勝,True,True,2026_final_test
2026-04-01,楽天,0,6.0,1.0,2026,5.0,1.0,4,19,0.5294117647058824,0.8,0.5,0.5294117647058824,1.2,0.1,0.42105263157894735,4.2,4.1,1.0,2.0,0,0.5773923652304955,0.6256850478303911,1,5.623660864934615,勝,62.56850478303912,1.0,,1.0,,ソフトバンク,4.0,勝,勝,True,True,2026_final_test
2026-04-02,楽天,0,4.0,5.0,2026,-1.0,0.0,4,20,0.5555555555555556,0.8,0.6,0.5555555555555556,2.6,0.9,0.65,4.6,3.7,1.0,3.5,0,0.5312121853882125,0.628462599407038,1,4.884946934563718,勝,62.846259940703796,1.0,,1.0,,ソフトバンク,-2.0,敗,勝,False,False,2026_final_test
2026-04-03,ロッテ,0,2.0,3.0,2026,-1.0,0.0,4,21,0.5263157894736842,0.8,0.6,0.5263157894736842,2.4,1.3,0.8,5.0,3.7,0.5,0.0,0,0.8543569898116746,0.6037782802185587,1,5.892472600380021,勝,60.377828021855876,1.4,,1.4,,ソフトバンク,-2.4,敗,勝,False,False,2026_final_test
2026-04-04,ロッテ,0,5.0,2.0,2026,3.0,1.0,4,22,0.5,0.6,0.6,0.5,1.8,0.8,0.7,4.7,3.9,0.0,-1.0,0,0.954052633742955,0.5844275655318695,0,7.527176994893812,敗,41.557243446813054,1.0,,1.0,,ソフトバンク,2.0,勝,勝,True,False,2026_final_test
2026-04-05,ロッテ,0,4.0,3.0,2026,1.0,1.0,4,23,0.5238095238095238,0.6,0.6,0.55,1.6,1.3,0.95,4.9,3.6,0.5,1.0,0,0.8325168926235064,0.6062911834362423,1,4.997327651712089,勝,60.629118343624235,1.3,,1.3,,ソフトバンク,-0.30000000000000004,敗,勝,False,True,2026_final_test
2026-04-07,西武,1,6.0,8.0,2026,-2.0,0.0,4,24,0.5454545454545454,0.6,0.7,0.55,1.4,1.3,0.8,4.9,3.6,0.0,-4.0,1,0.9653355193935568,0.5798940115820219,0,6.350154098705631,敗,42.01059884179781,1.4,,1.4,,ソフトバンク,-3.4,敗,勝,False,True,2026_final_test
2026-04-08,西武,1,1.0,2.0,2026,-1.0,0.0,4,25,0.5217391304347826,0.4,0.6,0.55,0.0,1.3,0.95,5.0,3.7,0.0,-3.0,0,0.9559614777417884,0.5837422538038973,0,5.535085281538934,敗,41.62577461961027,1.7,,1.7,,ソフトバンク,-2.7,敗,勝,False,True,2026_final_test
2026-04-09,西武,1,2.0,0.0,2026,2.0,1.0,4,26,0.5,0.4,0.6,0.5,0.0,1.2,0.85,4.6,3.4,0.0,-2.3333333333333335,0,0.9612315369581912,0.5816895810847853,0,5.817893879030181,敗,41.83104189152147,1.5,,1半2,,ソフトバンク,0.5,勝,勝,True,False,2026_final_test
2026-04-11,日本ハム,0,6.0,3.0,2026,3.0,1.0,4,27,0.52,0.6,0.6,0.55,0.6,1.2,0.95,4.2,3.0,1.0,3.0,1,0.44974561129116475,0.6332931745322586,1,2.3034713952044283,勝,63.32931745322586,,0.2,,0.2,日本ハム,3.2,勝,勝,True,True,2026_final_test
2026-04-12,日本ハム,0,11.0,7.0,2026,4.0,1.0,4,28,0.5384615384615384,0.6,0.6,0.55,0.6,1.1,0.45,4.0,2.9,1.0,3.0,0,0.37465679469249435,0.6378607461300064,1,2.163147037800309,勝,63.78607461300064,,0.0,,0,日本ハム,4.0,勝,勝,True,True,2026_final_test
2026-04-14,楽天,1,2.0,3.0,2026,-1.0,0.0,4,29,0.5555555555555556,0.6,0.6,0.55,1.2,1.3,0.7,4.7,3.4,0.6666666666666666,2.0,1,0.8004618390632227,0.6095356812218783,1,4.619410159588742,勝,60.95356812218783,1.0,,1.0,,ソフトバンク,-2.0,敗,勝,False,False,2026_final_test
2026-04-15,楽天,1,2.0,3.0,2026,-1.0,0.0,4,30,0.5357142857142857,0.6,0.5,0.55,1.4,0.7,0.8,4.3,3.6,0.5,1.25,0,0.8259619344671735,0.6069926278852061,1,5.224939319547146,勝,60.69926278852061,1.4,,1.4,,ソフトバンク,-2.4,敗,勝,False,False,2026_final_test
2026-04-16,楽天,1,6.0,0.0,2026,6.0,1.0,4,31,0.5172413793103449,0.6,0.5,0.55,1.4,0.7,1.0,4.1,3.4,0.4,0.8,0,0.8593481806293602,0.6031599644279503,1,5.557628121600451,勝,60.315996442795026,1.7,,1.7,,ソフトバンク,4.3,勝,勝,True,True,2026_final_test
2026-04-17,オリックス,1,4.0,13.0,2026,-9.0,0.0,4,32,0.5333333333333333,0.6,0.6,0.6,2.2,1.4,1.1,4.5,3.1,1.0,1.0,0,0.5769651939563515,0.6257110762458646,1,1.976560917781972,勝,62.57110762458646,1.4,,1.4,,ソフトバンク,-10.4,敗,勝,False,False,2026_final_test
2026-04-18,オリックス,1,7.0,0.0,2026,7.0,1.0,4,33,0.5161290322580645,0.4,0.5,0.55,-0.2,0.2,0.75,4.4,4.2,0.5,-4.0,0,0.8518714536105536,0.6040795301131067,1,4.524749629328462,勝,60.40795301131067,1.2,,1.2,,ソフトバンク,5.8,勝,勝,True,True,2026_final_test
2026-04-19,オリックス,1,1.0,2.0,2026,-1.0,0.0,4,34,0.53125,0.4,0.5,0.6,0.4,0.8,1.05,4.7,3.9,0.6666666666666666,-0.3333333333333333,0,0.7651969022509366,0.6126712269406572,1,2.920182500434349,勝,61.267122694065726,1.0,,1.0,,ソフトバンク,-2.0,敗,勝,False,False,2026_final_test
2026-04-21,西武,0,4.0,6.0,2026,-2.0,0.0,4,35,0.5151515151515151,0.4,0.5,0.55,0.4,0.9,1.1,4.2,3.3,0.25,-1.25,1,0.9047113893246789,0.5964416314530465,0,4.507595918681916,敗,40.35583685469535,0.8,,0.8,,ソフトバンク,-2.8,敗,勝,False,True,2026_final_test
2026-04-22,西武,0,1.0,3.0,2026,-2.0,0.0,4,36,0.5,0.4,0.5,0.55,0.2,0.8,1.0,4.5,3.7,0.2,-1.4,0,0.8999964859552154,0.5972592954793082,0,4.973843958766635,敗,40.274070452069175,0.7,,0.7,,ソフトバンク,-2.7,敗,勝,False,True,2026_final_test
2026-04-23,西武,0,4.0,3.0,2026,1.0,1.0,4,37,0.4857142857142857,0.2,0.4,0.5,-1.4,0.4,0.8,4.4,4.0,0.16666666666666666,-1.5,0,0.9165122864799367,0.5942210784285585,0,4.899552008469849,敗,40.57789215714415,1.6,,1.6,,ソフトバンク,-0.6000000000000001,敗,勝,False,False,2026_final_test
2026-04-25,ロッテ,1,0.0,5.0,2026,-5.0,0.0,4,38,0.5,0.4,0.4,0.5,0.6,0.2,0.65,4.2,4.0,0.6666666666666666,1.0,1,0.8380392723098659,0.6056826593707088,1,3.413078532424411,勝,60.568265937070876,1.2,,1.2,,ソフトバンク,-6.2,敗,勝,False,False,2026_final_test
2026-04-28,オリックス,0,7.0,1.0,2026,6.0,1.0,4,39,0.4864864864864865,0.2,0.3,0.45,-1.8,-0.7,0.3,3.1,3.8,0.5,-0.5,2,0.8948450985869569,0.5981138004811539,0,4.5024642423147245,敗,40.188619951884604,0.3,,0.3,,ソフトバンク,5.7,勝,勝,True,False,2026_final_test
2026-04-29,オリックス,0,4.0,5.0,2026,-1.0,0.0,4,40,0.5,0.4,0.4,0.45,-0.4,0.0,0.35,3.6,3.6,0.6,0.8,0,0.8138415850215008,0.60823555770095,1,4.544450284217057,勝,60.823555770095,0.3,,0.3,,ソフトバンク,-1.3,敗,勝,False,False,2026_final_test
2026-05-01,楽天,1,4.0,1.0,2026,3.0,1.0,5,41,0.48717948717948717,0.4,0.4,0.45,-0.2,0.0,0.35,3.8,3.8,0.5,1.6666666666666667,1,0.8161241310913302,0.6080065070514102,1,6.046856674774026,勝,60.800650705141024,1.3,,1.3,,ソフトバンク,1.7,勝,勝,True,True,2026_final_test
2026-05-02,楽天,1,5.0,0.0,2026,5.0,1.0,5,42,0.5,0.6,0.4,0.5,0.8,-0.3,0.55,3.6,3.9,0.5714285714285714,1.8571428571428572,0,0.7311018366723845,0.6153973300706791,1,6.176113298315012,勝,61.53973300706791,1.5,,1.5,,ソフトバンク,3.5,勝,勝,True,True,2026_final_test
2026-05-03,楽天,1,0.0,7.0,2026,-7.0,0.0,5,43,0.5121951219512195,0.6,0.5,0.5,1.6,1.1,0.65,3.7,2.6,0.625,2.25,0,0.668247594583194,0.6198948847874652,1,4.937119181042041,勝,61.98948847874652,0.8,,0.8,,ソフトバンク,-7.8,敗,勝,False,False,2026_final_test
2026-05-04,西武,0,2.0,10.0,2026,-8.0,0.0,5,44,0.5,0.6,0.4,0.45,1.2,-0.3,0.25,3.0,3.3,0.2857142857142857,-1.1428571428571428,0,0.8400223805108362,0.6054599748119811,1,6.3450476670764155,勝,60.545997481198114,0.8,,0.8,,ソフトバンク,-8.8,敗,勝,False,False,2026_final_test
2026-05-05,西武,0,6.0,4.0,2026,2.0,1.0,5,45,0.4883720930232558,0.4,0.4,0.45,-1.6,-1.0,-0.05,3.1,4.1,0.25,-2.0,0,0.8646859942951992,0.6024776722360554,1,6.885149784585615,勝,60.24776722360554,0.8,,0.8,,ソフトバンク,1.2,勝,勝,True,True,2026_final_test
2026-05-06,西武,0,2.0,10.0,2026,-8.0,0.0,5,46,0.5,0.6,0.5,0.5,-1.0,-0.6,0.1,3.3,3.9,0.3333333333333333,-1.5555555555555556,0,0.8345594948116422,0.606068045361678,1,6.961258089933737,勝,60.6068045361678,0.3,,0.3,,ソフトバンク,-8.3,敗,勝,False,False,2026_final_test
2026-05-08,ロッテ,1,6.0,5.0,2026,1.0,1.0,5,47,0.4888888888888889,0.4,0.5,0.45,-3.2,-1.2,-0.4,3.4,4.6,0.5,-0.5,1,0.8745708365240236,0.6011505572350476,1,6.746918771943904,勝,60.11505572350476,1.6,,1.6,,ソフトバンク,-0.6000000000000001,敗,勝,False,True,2026_final_test
2026-05-09,ロッテ,1,4.0,5.0,2026,-1.0,0.0,5,48,0.5,0.4,0.5,0.45,-4.0,-1.2,-0.5,3.6,4.8,0.6,-0.2,0,0.8195869924673693,0.607654674880272,1,6.5509875374833735,勝,60.765467488027205,1.5,,1.5,,ソフトバンク,-2.5,敗,勝,False,False,2026_final_test
2026-05-10,ロッテ,1,8.0,3.0,2026,5.0,1.0,5,49,0.48936170212765956,0.4,0.5,0.4,-2.8,-0.8,-0.75,4.0,4.8,0.5,-0.3333333333333333,0,0.8601803719398665,0.6030550634005791,1,6.860863072540385,勝,60.30550634005791,1.2,,1.2,,ソフトバンク,3.8,勝,勝,True,True,2026_final_test
2026-05-12,西武,1,0.0,3.0,2026,-3.0,0.0,5,50,0.5,0.6,0.5,0.45,-0.2,-0.9,-0.45,4.1,5.0,0.3,-2.2,1,0.9134550862914129,0.5948226845254604,0,7.354693299050537,敗,40.51773154745396,1.2,,1.2,,ソフトバンク,-4.2,敗,勝,False,True,2026_final_test
2026-05-13,西武,1,1.0,2.0,2026,-1.0,0.0,5,51,0.4897959183673469,0.4,0.5,0.45,-1.2,-1.1,-0.55,3.7,4.8,0.3,-2.1,0,0.8802989326017521,0.6003392890768783,1,6.75546981956603,勝,60.03392890768783,,0.2,,0.2,西武,-0.8,敗,勝,False,False,2026_final_test
2026-05-15,楽天,0,3.0,6.0,2026,-3.0,0.0,5,52,0.48,0.4,0.4,0.4,0.2,-1.5,-0.9,3.4,4.9,0.5555555555555556,1.2222222222222223,1,0.7469203074493258,0.6141638048603213,1,7.5224066192268495,勝,61.41638048603213,0.4,,0.4,,ソフトバンク,-3.4,敗,勝,False,False,2026_final_test
2026-05-16,楽天,0,3.0,4.0,2026,-1.0,0.0,5,53,0.47058823529411764,0.2,0.3,0.4,-0.6,-2.3,-0.6,3.2,5.5,0.5,0.8,0,0.7144231278184573,0.6166477124218814,1,7.3925004839048425,勝,61.664771242188145,0.4,,0.4,,ソフトバンク,-1.4,敗,勝,False,False,2026_final_test
2026-05-17,楽天,0,5.0,1.0,2026,4.0,1.0,5,54,0.46153846153846156,0.2,0.3,0.35,-0.6,-1.7,-1.0,3.5,5.2,0.4,0.5,0,0.7833242587672883,0.6111067135081013,1,7.663581126090381,勝,61.11067135081013,0.4,,0.4,,ソフトバンク,3.6,勝,勝,True,True,2026_final_test
2026-05-19,オリックス,0,1.0,2.0,2026,-1.0,0.0,5,55,0.4716981132075472,0.2,0.4,0.4,-0.8,-0.5,-0.75,3.8,4.3,0.5,0.5,1,0.8011344431285025,0.6094719631674702,1,5.491038326117527,勝,60.94719631674702,0.5,,0.5,,ソフトバンク,-1.5,敗,勝,False,False,2026_final_test
2026-05-20,オリックス,0,3.0,8.0,2026,-5.0,0.0,5,56,0.46296296296296297,0.2,0.3,0.4,-0.4,-0.8,-0.7,3.3,4.1,0.42857142857142855,0.2857142857142857,0,0.7786205023710682,0.6115215840911139,1,5.353842497349091,勝,61.152158409111394,,0.3,,0.3,オリックス,-4.7,敗,勝,False,False,2026_final_test
2026-05-22,日本ハム,1,10.0,0.0,2026,10.0,1.0,5,57,0.45454545454545453,0.2,0.3,0.4,-1.2,-0.5,-0.85,3.4,3.9,1.0,3.25,1,0.39961093186173435,0.6363163557551661,1,1.8695855326342623,勝,63.63163557551661,0.0,,0,,ソフトバンク,10.0,勝,勝,True,True,2026_final_test
2026-05-23,日本ハム,1,11.0,1.0,2026,10.0,1.0,5,58,0.4642857142857143,0.4,0.3,0.4,1.4,0.4,-0.4,3.8,3.4,1.0,4.6,0,0.3352826765210551,0.6403809999617449,1,1.4959958287821213,勝,64.0380999961745,0.2,,0.2,,ソフトバンク,9.8,勝,勝,True,True,2026_final_test
2026-05-24,日本ハム,1,7.0,6.0,2026,1.0,1.0,5,59,0.47368421052631576,0.6,0.4,0.45,3.6,1.5,0.35,4.5,3.0,1.0,5.5,0,0.3116197593190133,0.6419611290741772,1,1.2250884361654726,勝,64.19611290741773,0.0,,0,,ソフトバンク,1.0,勝,勝,True,True,2026_final_test
2026-05-26,巨人,0,8.0,3.0,2026,5.0,1.0,5,60,0.4827586206896552,0.6,0.4,0.45,3.0,1.1,0.1,4.4,3.3,0.5,4.0,1,0.7011885332902273,0.6176078553887265,1,4.204445838483786,勝,61.76078553887265,1.2,,1.2,,ソフトバンク,3.8,勝,勝,True,True,2026_final_test
2026-05-27,巨人,0,1.0,5.0,2026,-4.0,0.0,5,61,0.4915254237288136,0.8,0.5,0.5,4.2,1.9,0.4,5.2,3.3,0.6666666666666666,4.25,0,0.5361236997955603,0.6281699616577142,1,3.840212448279783,勝,62.81699616577142,0.6,,0.6,,ソフトバンク,-4.6,敗,勝,False,False,2026_final_test
2026-05-28,巨人,0,8.0,4.0,2026,4.0,1.0,5,62,0.48333333333333334,0.8,0.5,0.45,4.4,1.6,0.05,5.2,3.6,0.5,2.6,0,0.6631662761864263,0.6202364269679839,1,5.032990584689996,勝,62.02364269679839,0.3,,0.3,,ソフトバンク,3.7,勝,勝,True,True,2026_final_test
2026-05-29,広島,1,2.0,0.0,2026,2.0,1.0,5,63,0.4918032786885246,0.8,0.6,0.45,3.2,2.3,0.0,5.7,3.4,0.5,-0.3333333333333333,0,0.7921942718267658,0.6103057949426907,1,4.913640465091794,勝,61.03057949426906,1.7,,1.7,,ソフトバンク,0.30000000000000004,勝,勝,True,True,2026_final_test
2026-05-30,広島,1,4.0,2.0,2026,2.0,1.0,5,64,0.5,0.8,0.7,0.5,1.6,2.6,0.45,5.6,3.0,0.6666666666666666,0.25,0,0.7105148655856257,0.6169340232667078,1,4.297066385585374,勝,61.69340232667078,1.5,,1.5,,ソフトバンク,0.5,勝,勝,True,True,2026_final_test
2026-05-31,広島,1,3.0,1.0,2026,2.0,1.0,5,65,0.5079365079365079,0.8,0.7,0.55,1.8,2.4,0.95,5.5,3.1,0.75,0.6,0,0.6322831228808417,0.6222594619112073,1,3.7519838135445682,勝,62.22594619112073,1.3,,1.3,,ソフトバンク,0.7,勝,勝,True,True,2026_final_test
2026-06-02,中日,0,3.0,0.0,2026,3.0,1.0,6,66,0.515625,0.8,0.8,0.55,1.2,2.7,0.95,5.7,3.0,0.5,1.0,1,0.8726365106511275,0.6014172169503358,1,4.7094388748261125,勝,60.14172169503358,1.0,,1.0,,ソフトバンク,2.0,勝,勝,True,True,2026_final_test
2026-06-04,中日,0,2.0,1.0,2026,1.0,1.0,6,67,0.5230769230769231,1.0,0.9,0.6,2.6,3.5,1.5,5.7,2.2,0.6666666666666666,1.6666666666666667,1,0.7984831124201789,0.6097221818279178,1,3.954887596699323,勝,60.972218182791785,0.4,,0.4,,ソフトバンク,0.6,勝,勝,True,True,2026_final_test
2026-06-05,DeNA,0,3.0,8.0,2026,-5.0,0.0,6,68,0.5303030303030303,1.0,0.9,0.6,2.0,2.6,1.5,4.9,2.3,0.0,-4.0,0,0.9209325975830508,0.5933142751047452,0,6.352061972238716,敗,40.66857248952548,1.2,,1.2,,ソフトバンク,-6.2,敗,勝,False,True,2026_final_test
2026-06-06,DeNA,0,6.0,3.0,2026,3.0,1.0,6,69,0.5223880597014925,0.8,0.8,0.6,0.6,1.1,1.3,4.1,3.0,0.0,-4.333333333333333,0,0.9165916031206747,0.594205201840496,0,6.443104181220878,敗,40.57947981595041,0.8,,0.8,,ソフトバンク,2.2,勝,勝,True,False,2026_final_test
2026-06-07,DeNA,0,4.0,2.0,2026,2.0,1.0,6,70,0.5294117647058824,0.8,0.8,0.6,0.8,1.3,1.2,4.0,2.7,0.25,-2.5,0,0.8478663941657896,0.6045561214977573,1,5.211696393543254,勝,60.45561214977573,0.3,,0.3,,ソフトバンク,1.7,勝,勝,True,True,2026_final_test
2026-06-09,阪神,1,10.0,4.0,2026,6.0,1.0,6,71,0.5362318840579711,0.8,0.8,0.65,0.8,1.0,1.45,3.6,2.6,0.0,-5.0,1,0.9243222956367899,0.5925864896456875,0,5.785877447767848,敗,40.74135103543125,0.3,,0.3,,ソフトバンク,5.7,勝,勝,True,False,2026_final_test
2026-06-10,阪神,1,6.0,2.0,2026,4.0,1.0,6,72,0.5428571428571428,0.8,0.9,0.7,1.4,2.0,1.8,4.5,2.5,0.5,0.5,0,0.7144648076477332,0.616644646026398,1,3.3085787972139094,勝,61.664464602639804,0.3,,0.3,,ソフトバンク,3.7,勝,勝,True,True,2026_final_test
2026-06-11,阪神,1,3.0,2.0,2026,1.0,1.0,6,73,0.5492957746478874,0.8,0.9,0.75,2.0,2.0,2.15,4.3,2.3,0.6666666666666666,1.6666666666666667,0,0.5723276918835348,0.6259931597615164,1,2.147618439660979,勝,62.59931597615164,0.2,,0.2,,ソフトバンク,0.8,勝,勝,True,True,2026_final_test
2026-06-12,ヤクルト,1,2.0,4.0,2026,-2.0,0.0,6,74,0.5555555555555556,1.0,0.9,0.8,3.2,1.9,2.25,4.4,2.5,0.6666666666666666,1.0,0,0.723187329957715,0.6159966524114973,1,2.790981787512987,勝,61.59966524114972,1.3,,1.3,,ソフトバンク,-3.3,敗,勝,False,False,2026_final_test
2026-06-13,ヤクルト,1,8.0,1.0,2026,7.0,1.0,6,75,0.547945205479452,0.8,0.8,0.75,2.2,1.5,1.95,4.2,2.7,0.5,0.25,0,0.8051025325291101,0.6090926338603136,1,3.0097731740863107,勝,60.90926338603136,0.8,,0.8,,ソフトバンク,6.2,勝,勝,True,True,2026_final_test
2026-06-14,ヤクルト,1,0.0,4.0,2026,-4.0,0.0,6,76,0.5540540540540541,0.8,0.8,0.8,3.2,2.0,2.35,4.7,2.7,0.6,1.6,0,0.7271936806188531,0.6156946749608508,1,1.8770140236623631,勝,61.56946749608508,1.2,,1.2,,ソフトバンク,-5.2,敗,勝,False,False,2026_final_test
2026-06-19,日本ハム,0,3.0,4.0,2026,-1.0,0.0,6,77,0.5466666666666666,0.6,0.7,0.8,1.2,1.3,2.4,4.4,3.1,1.0,4.857142857142857,4,0.4897828508201318,0.6309185819912291,1,0.5400749150984281,勝,63.09185819912291,0.3,,0.3,,ソフトバンク,-1.3,敗,勝,False,False,2026_final_test
2026-06-20,日本ハム,0,10.0,7.0,2026,3.0,1.0,6,78,0.5394736842105263,0.4,0.6,0.75,0.2,1.1,1.85,4.5,3.4,0.875,4.125,0,0.3410422804764016,0.6400046167871253,1,0.5356315986731321,勝,64.00046167871253,,0.2,,0.2,日本ハム,3.2,勝,勝,True,True,2026_final_test
2026-06-21,日本ハム,0,8.0,0.0,2026,8.0,1.0,6,79,0.5454545454545454,0.4,0.7,0.75,0.6,1.9,1.5,5.2,3.3,0.8888888888888888,4.0,0,0.3235331104098231,0.6411584359292315,1,0.32648306176668473,勝,64.11584359292316,,0.0,,0,日本ハム,8.0,勝,勝,True,True,2026_final_test
2026-06-23,オリックス,1,0.0,5.0,2026,-5.0,0.0,6,80,0.5512820512820513,0.6,0.7,0.75,2.6,2.4,1.85,5.4,3.0,0.375,-0.375,1,0.8648974552431645,0.6024501712064719,1,2.684802622566335,勝,60.24501712064719,0.8,,0.8,,ソフトバンク,-5.8,敗,勝,False,False,2026_final_test
2026-06-24,オリックス,1,8.0,5.0,2026,3.0,1.0,6,81,0.5443037974683544,0.4,0.6,0.7,0.2,1.7,1.35,5.0,3.3,0.3333333333333333,-0.8888888888888888,0,0.8653908866892984,0.6023858551231037,1,2.863717756701445,勝,60.23858551231037,0.5,,0.5,,ソフトバンク,2.5,勝,勝,True,True,2026_final_test
2026-06-25,オリックス,1,5.0,2.0,2026,3.0,1.0,6,82,0.55,0.6,0.6,0.75,1.6,1.4,1.7,4.8,3.4,0.4,-0.5,0,0.8334796974470969,0.6061862831125854,1,2.9788393071069423,勝,60.61862831125854,0.9,,0.9,,ソフトバンク,2.1,勝,勝,True,True,2026_final_test
2026-06-30,西武,1,6.0,0.0,2026,6.0,1.0,6,84,0.5555555555555556,0.8,0.6,0.75,1.8,1.2,1.55,4.7,3.5,0.3,-2.0,1,0.8972573731591876,0.5977184567484953,0,3.7627358724490225,敗,40.22815432515047,,0.2,,0.2,西武,6.2,勝,勝,True,False,2026_final_test
2026-07-01,西武,1,11.0,0.0,2026,11.0,1.0,7,85,0.5609756097560976,0.8,0.6,0.75,1.4,2.0,1.75,5.1,3.1,0.4,-1.3,0,0.6184425078592786,0.623140797603641,1,1.1529389774952041,勝,62.3140797603641,0.7,,0.7,,ソフトバンク,10.3,勝,勝,True,True,2026_final_test
2026-07-02,西武,1,3.0,1.0,2026,2.0,1.0,7,86,0.5662650602409639,0.8,0.7,0.75,4.6,2.4,2.2,5.4,3.0,0.4,-0.4,0,0.5625711239345659,0.6265838840383107,1,0.7306847574339764,勝,62.65838840383107,0.9,,0.9,,ソフトバンク,1.1,勝,敗,False,True,2026_final_test
2026-07-03,ロッテ,1,3.0,2.0,2026,1.0,1.0,7,87,0.5714285714285714,1.0,0.7,0.75,4.4,3.0,2.15,5.7,2.7,0.5714285714285714,0.375,0,0.49789105298600517,0.6304388502606447,1,0.8179021352865012,勝,63.04388502606447,1.0,,1.0,,ソフトバンク,0.0,分,敗,,True,2026_final_test
2026-07-04,ロッテ,1,1.0,8.0,2026,-7.0,0.0,7,88,0.5764705882352941,1.0,0.8,0.75,4.0,3.2,2.15,5.7,2.5,0.625,0.4444444444444444,0,0.468306772548937,0.6321901967652956,1,0.8566741357128358,勝,63.21901967652956,0.7,,0.7,,ソフトバンク,-7.7,敗,勝,False,False,2026_final_test
2026-07-05,ロッテ,1,7.0,2.0,2026,5.0,1.0,7,89,0.5697674418604651,0.8,0.8,0.7,2.6,2.2,2.05,4.8,2.6,0.5555555555555556,-0.3,0,0.5255145798161543,0.6288015089124193,1,1.4227221855941026,勝,62.880150891241925,0.9,,0.9,,ソフトバンク,4.1,勝,勝,True,True,2026_final_test
2026-07-07,オリックス,0,6.0,3.0,2026,3.0,1.0,7,90,0.5747126436781609,0.8,0.8,0.75,2.4,1.9,2.15,4.7,2.8,0.4,-0.3,1,0.5945586946364673,0.6246321536463475,1,2.3861828155683087,勝,62.46321536463475,0.4,,0.4,,ソフトバンク,2.6,勝,勝,True,True,2026_final_test
2026-07-08,オリックス,0,2.0,3.0,2026,-1.0,0.0,7,91,0.5795454545454546,0.8,0.8,0.75,0.8,2.7,2.2,5.3,2.6,0.5,0.9,0,0.5109741160114653,0.6296642610773295,1,1.788440401113602,勝,62.96642610773296,0.8,,0.8,,ソフトバンク,-1.8,敗,勝,False,False,2026_final_test
2026-07-10,楽天,1,3.0,5.0,2026,-2.0,0.0,7,92,0.5730337078651685,0.6,0.8,0.7,0.2,2.3,1.85,4.7,2.4,0.4,0.4,1,0.6199099072567675,0.6230480029926008,1,2.322659166330562,勝,62.30480029926008,1.1,,1.1,,ソフトバンク,-3.1,敗,勝,False,False,2026_final_test
2026-07-11,楽天,1,9.0,2.0,2026,7.0,1.0,7,93,0.5666666666666667,0.4,0.7,0.65,-0.4,1.8,1.55,4.5,2.7,0.4,0.3,0,0.562781864712973,0.6265711610781799,1,1.967591999282812,勝,62.65711610781799,1.1,,1.1,,ソフトバンク,5.9,勝,勝,True,True,2026_final_test
2026-07-12,楽天,1,3.0,0.0,2026,3.0,1.0,7,94,0.5714285714285714,0.6,0.7,0.65,2.4,2.5,1.85,5.1,2.6,0.5,1.1,0,0.4892756907882707,0.6309485880963509,1,1.5266931055433366,勝,63.09485880963509,1.2,,1.2,,ソフトバンク,1.8,勝,勝,True,True,2026_final_test
2026-07-14,日本ハム,0,4.0,2.0,2026,2.0,1.0,7,95,0.5760869565217391,0.6,0.7,0.65,2.0,2.2,2.1,4.8,2.6,0.9,4.4,1,0.17516937777054772,0.6529296657798442,1,-1.0670191356929113,勝,65.29296657798443,,0.2,,0.2,日本ハム,2.2,勝,敗,False,True,2026_final_test
2026-07-15,日本ハム,0,6.0,7.0,2026,-1.0,0.0,7,96,0.5806451612903226,0.6,0.7,0.7,1.8,1.3,1.85,4.1,2.8,0.9,4.4,0,0.12396910121090947,0.6587472655488704,1,-0.9493870272360998,勝,65.87472655488705,,0.4,,0.4,日本ハム,-0.6,敗,敗,True,False,2026_final_test
2026-07-16,日本ハム,0,6.0,2.0,2026,4.0,1.0,7,97,0.574468085106383,0.6,0.6,0.65,1.8,1.0,2.0,4.4,3.4,0.8,3.9,0,0.18177307390877928,0.6522812751612441,1,-0.19039867329685345,勝,65.22812751612442,,0.5,,0.5,日本ハム,4.5,勝,勝,True,True,2026_final_test
2026-07-18,ロッテ,0,5.0,4.0,2026,1.0,1.0,7,98,0.5789473684210527,0.8,0.6,0.7,3.0,1.3,2.25,4.7,3.4,0.6,0.3,1,0.4724799366197439,0.631942847053096,1,1.5011061848568614,勝,63.1942847053096,1.7,,1.7,,ソフトバンク,-0.7,敗,敗,True,True,2026_final_test
2026-07-19,ロッテ,0,3.0,0.0,2026,3.0,1.0,7,99,0.5833333333333334,0.8,0.7,0.75,1.8,2.1,2.15,5.1,3.0,0.7,0.1,0,0.33559230026915937,0.6403606904632291,1,0.812071658993682,勝,64.03606904632291,1.4,,1.4,,ソフトバンク,1.6,勝,敗,False,True,2026_final_test
2026-07-20,ロッテ,0,5.0,4.0,2026,1.0,1.0,7,100,0.5876288659793815,0.8,0.7,0.75,1.8,1.9,1.9,4.7,2.8,0.7,0.3,0,0.3244907158664889,0.6410945657916218,1,0.7429354908437821,勝,64.10945657916218,0.5,,0.5,,ソフトバンク,0.5,勝,勝,True,True,2026_final_test
2026-07-21,オリックス,1,1.0,2.0,2026,-1.0,0.0,7,101,0.5918367346938775,0.8,0.7,0.75,1.6,1.7,2.2,4.6,2.9,0.4,0.1,0,0.6032703378371094,0.624092091958615,1,1.5155751936417765,勝,62.40920919586151,0.8,,0.8,,ソフトバンク,-1.8,敗,勝,False,False,2026_final_test
2026-07-22,オリックス,1,22.0,2.0,2026,20.0,1.0,7,102,0.5858585858585859,0.8,0.7,0.75,1.6,1.7,2.0,4.5,2.8,0.4,0.1,0,0.5974427326038989,0.6244538240226264,1,1.455762847068887,勝,62.44538240226264,1.2,,1.2,,ソフトバンク,18.8,勝,勝,True,True,2026_final_test
2026-07-23,オリックス,1,6.0,5.0,2026,1.0,1.0,7,103,0.59,0.8,0.8,0.75,4.8,3.9,2.85,6.4,2.5,0.4,1.5,0,0.5597009900768393,0.6267570102572022,1,0.1629518007211832,勝,62.67570102572022,1.5,,1半3,,ソフトバンク,-0.5,敗,敗,True,True,2026_final_test
2026-07-24,西武,0,7.0,3.0,2026,4.0,1.0,7,104,0.594059405940594,0.8,0.8,0.75,4.8,3.3,2.9,6.1,2.8,0.5,0.0,0,0.4020572086561848,0.6361666784544145,1,0.32377615141385874,勝,63.616667845441455,0.6,,0.6,,ソフトバンク,3.4,勝,敗,False,True,2026_final_test
2026-07-25,西武,0,6.0,8.0,2026,-2.0,0.0,7,105,0.5980392156862745,0.8,0.8,0.75,5.0,3.4,2.8,6.5,3.1,0.6,0.6,0,0.34458003558573264,0.639774868615112,1,-0.01866503111283535,勝,63.9774868615112,0.9,,0.9,,ソフトバンク,-2.9,敗,敗,True,False,2026_final_test
2026-07-26,西武,0,3.0,0.0,2026,3.0,1.0,7,106,0.5922330097087378,0.6,0.7,0.7,4.4,3.0,2.15,6.7,3.7,0.5,0.3,0,0.41033741409694235,0.6356620151351321,1,0.03821396557666623,勝,63.56620151351321,0.7,,0.7,,ソフトバンク,2.3,勝,敗,False,True,2026_final_test
2026-08-01,楽天,0,5.0,0.0,2026,5.0,1.0,8,107,0.5961538461538461,0.8,0.8,0.7,5.2,3.4,2.2,6.4,3.0,0.6,1.5,5,0.6688255999825196,0.6198558611720973,1,1.9531272100003079,勝,61.985586117209735,0.7,,0.7,,ソフトバンク,4.3,勝,勝,True,True,2026_final_test
2026-08-02,楽天,0,10.0,6.0,2026,4.0,1.0,8,108,0.6,0.8,0.8,0.7,2.2,3.5,2.4,6.3,2.8,0.6,1.4,0,0.43449718146211763,0.6342043495924937,1,2.2910269042459586,勝,63.42043495924937,1.6,,1.6,,ソフトバンク,2.4,勝,勝,True,True,2026_final_test
2026-08-04,日本ハム,1,1.0,0.0,2026,1.0,1.0,8,109,0.6037735849056604,0.8,0.8,0.75,2.8,3.8,2.95,6.8,3.0,0.8,4.0,1,0.30016684603601934,0.6427480140893707,1,-1.2173431282383818,勝,64.27480140893707,0.6,,0.6,,ソフトバンク,0.4,勝,敗,False,True,2026_final_test
2026-08-05,日本ハム,1,7.0,5.0,2026,2.0,1.0,8,110,0.6074766355140186,0.8,0.8,0.75,2.2,3.6,2.75,6.6,3.0,0.8,3.7,0,0.2550478240890654,0.6460269663439389,1,-1.0706682287074942,勝,64.60269663439388,0.6,,0.6,,ソフトバンク,1.4,勝,敗,False,True,2026_final_test
2026-08-06,日本ハム,1,2.0,6.0,2026,-4.0,0.0,8,111,0.6111111111111112,1.0,0.8,0.75,3.0,3.7,2.7,6.8,3.1,0.8,2.9,0,0.2723353296781923,0.6447327689980952,1,-0.4429594004680526,勝,64.47327689980952,0.2,,0.2,,ソフトバンク,-4.2,敗,敗,True,False,2026_final_test
2026-08-07,西武,0,5.0,2.0,2026,3.0,1.0,8,112,0.6055045871559633,0.8,0.8,0.75,1.6,3.4,2.55,6.9,3.5,0.6,1.4,0,0.4880182760648668,0.6310229843904399,1,1.0080559339032007,勝,63.10229843904399,0.4,,0.4,,ソフトバンク,2.6,勝,勝,True,True,2026_final_test
2026-08-08,西武,0,1.0,2.0,2026,-1.0,0.0,8,113,0.6090909090909091,0.8,0.8,0.8,1.2,1.7,2.8,5.2,3.5,0.6,1.5,0,0.44743042754257717,0.6334311740944153,1,1.4696339703978114,勝,63.34311740944153,0.3,,0.3,,ソフトバンク,-1.3,敗,勝,False,False,2026_final_test
2026-08-09,西武,0,5.0,0.0,2026,5.0,1.0,8,114,0.6036036036036037,0.6,0.7,0.75,0.2,1.5,2.4,4.7,3.2,0.6,2.2,0,0.4464735325267309,0.6334882440254861,1,0.7318258427297355,勝,63.34882440254861,0.8,,0.8,,ソフトバンク,4.2,勝,敗,False,True,2026_final_test
2026-08-11,ロッテ,1,16.0,2.0,2026,14.0,1.0,8,115,0.6071428571428571,0.6,0.7,0.75,1.0,1.6,2.5,4.5,2.9,0.7,0.9,1,0.4818011702978929,0.6313908845863898,1,-0.033555703324984254,勝,63.13908845863898,1.5,,1半5,,ソフトバンク,12.5,勝,敗,False,True,2026_final_test
2026-08-12,ロッテ,1,10.0,4.0,2026,6.0,1.0,8,116,0.6106194690265486,0.6,0.8,0.75,3.4,3.2,3.1,5.5,2.3,0.8,2.2,0,0.3243209749851502,0.6411058803323066,1,-1.4228274451128695,勝,64.11058803323067,1.5,,1半2,,ソフトバンク,4.5,勝,敗,False,True,2026_final_test
2026-08-13,ロッテ,1,3.0,4.0,2026,-1.0,0.0,8,117,0.6140350877192983,0.8,0.8,0.8,5.4,3.5,3.45,6.2,2.7,0.8,2.9,0,0.31052932444828774,0.6420353810916168,1,-1.3127848789782637,勝,64.20353810916168,1.5,,1.5,,ソフトバンク,-2.5,敗,敗,True,False,2026_final_test
2026-08-14,楽天,1,2.0,5.0,2026,-3.0,0.0,8,118,0.6086956521739131,0.6,0.7,0.75,4.6,2.9,3.2,6.0,3.1,0.6,1.5,0,0.37021916637227514,0.6381391654511233,1,0.16854192676545043,勝,63.81391654511233,1.5,,1半5,,ソフトバンク,-4.5,敗,敗,True,False,2026_final_test
