date,season,game_type,opponent,home,venue,hawks_starter,opponent_starter,hawks_score,opponent_score,margin,starter_win_diff,starter_recent_diff,starter_run_diff_advantage,target,month,games_before,season_win_rate,win_rate_5,win_rate_10,win_rate_20,run_diff_5,run_diff_10,run_diff_20,runs_for_5,runs_for_10,runs_against_5,runs_against_10,h2h_win_rate,h2h_run_diff,rest_days,p_linear,p_tree,predicted_margin,未校正ホークス勝率,校正済ホークス勝率,prediction,AI予測,AI勝率,hawks_handicap,opponent_handicap,hawks_handicap_raw,opponent_handicap_raw,giving_side,adjusted_margin,handicap_result,predicted_handicap_result,handicap_hit,通常的中,厳選予測,split
2025-03-28,2025,regular,ロッテ,1,PayPayドーム,有原 航平,小島 和哉,2.0,8.0,-6.0,0.6562,1.0,3.873,0.0,3,0,0.5,0.5,0.5,0.5,0.0,0.0,0.0,3.5,3.5,3.5,3.5,0.65,1.25,14,0.9858044125510729,0.9351088497557276,-0.013643563482715004,0.9756652999920038,0.11055191585280402,0,敗,88.9448084147196,1.3,,1.3,,ソフトバンク,-7.3,敗,敗,True,True,True,2025_oof_calibration
2025-03-29,2025,regular,ロッテ,1,PayPayドーム,大関 友久,ボス,4.0,5.0,-1.0,0.5833,0.3333,2.96,0.0,3,1,0.0,0.0,0.0,0.0,-6.0,-6.0,-6.0,2.0,2.0,8.0,8.0,0.6,0.5,0,0.9999898057908504,0.8988015946247969,13.087553126426064,0.9797521635576397,0.09748585703442629,0,敗,90.25141429655737,1.3,,1.3,,ソフトバンク,-2.3,敗,勝,False,True,True,2025_oof_calibration
2025-03-30,2025,regular,ロッテ,1,PayPayドーム,上沢 直之,種市 篤暉,4.0,7.0,-3.0,0.75,0.6667,5.167,0.0,3,2,0.0,0.0,0.0,0.0,-3.5,-3.5,-3.5,3.0,3.0,6.5,6.5,0.55,0.15,0,0.9999886525599657,0.9187481340660046,10.07243508210125,0.9837405488611735,0.08376455160697911,0,敗,91.62354483930208,0.7,,0.7,,ソフトバンク,-3.7,敗,勝,False,True,True,2025_oof_calibration
2025-04-01,2025,regular,日本ハム,0,エスコンF,モイネロ,伊藤 大海,5.0,1.0,4.0,0.1528,0.3333,1.775,1.0,4,3,0.0,0.0,0.0,0.0,-3.3333333333333335,-3.3333333333333335,-3.3333333333333335,3.3333333333333335,3.3333333333333335,6.666666666666667,6.666666666666667,0.5,0.4,1,0.2689412777108538,0.41272562759562426,-0.41707360005833105,0.2976981476878079,0.7876652326407347,1,勝,78.76652326407347,0.4,,0.4,,ソフトバンク,3.6,勝,敗,False,True,True,2025_oof_calibration
2025-04-02,2025,regular,日本ハム,0,エスコンF,前田 純,北山 亘基,1.0,3.0,-2.0,0.0,-0.1667,1.5,0.0,4,4,0.25,0.25,0.25,0.25,-1.5,-1.5,-1.5,3.75,3.75,5.25,5.25,0.55,0.8,0,0.31991673042064617,0.5155534330851156,0.19749563778073864,0.3590440709535401,0.7507880736173614,1,勝,75.07880736173614,,0.0,,0,日本ハム,-2.0,敗,勝,False,False,True,2025_oof_calibration
2025-04-04,2025,regular,西武,1,PayPayドーム,有原 航平,今井 達也,0.0,6.0,-6.0,-0.0303,-0.5,0.167,0.0,4,5,0.2,0.2,0.2,0.2,-1.6,-1.6,-1.6,3.2,3.2,4.8,4.8,0.6,0.9,1,0.5560721653983625,0.42344275577148754,-0.07416121467632353,0.5295462834729875,0.6415068628301309,1,勝,64.15068628301309,1.0,,1.0,,ソフトバンク,-7.0,敗,敗,True,False,False,2025_oof_calibration
2025-04-05,2025,regular,西武,1,PayPayドーム,大関 友久,隅田 知一郎,3.0,6.0,-3.0,0.4171,0.0,3.028,0.0,4,6,0.16666666666666666,0.2,0.16666666666666666,0.16666666666666666,-1.6,-2.3333333333333335,-2.3333333333333335,2.8,2.6666666666666665,4.4,5.0,0.55,0.55,0,0.6292555859990743,0.4602786416207554,1.2365590529992028,0.5954601971234106,0.5942742837228189,0,敗,40.57257162771811,0.8,,0.8,,ソフトバンク,-3.8,敗,勝,False,True,False,2025_oof_calibration
2025-04-06,2025,regular,西武,1,PayPayドーム,上沢 直之,渡邉 勇太朗,11.0,1.0,10.0,0.2667,0.0,2.267,1.0,4,7,0.14285714285714285,0.2,0.14285714285714285,0.14285714285714285,-2.0,-2.4285714285714284,-2.4285714285714284,2.6,2.7142857142857144,4.6,5.142857142857143,0.55,0.45,0,0.6230689710499395,0.4602786416207554,1.1780073538820777,0.5905109051641028,0.5979596895014461,0,敗,40.204031049855395,0.7,,0.7,,ソフトバンク,9.3,勝,勝,True,False,False,2025_oof_calibration
2025-04-08,2025,regular,オリックス,0,京セラドーム大阪,モイネロ,椋木 蓮,5.0,2.0,3.0,0.2857,0.5,2.452,1.0,4,8,0.25,0.4,0.25,0.25,0.6,-0.875,-0.875,4.0,3.75,3.4,4.625,0.75,2.1,1,0.4029561441222993,0.4100022256612628,0.3273455374412835,0.40436536043009197,0.722990595581402,1,勝,72.2990595581402,1.5,,1.5,,ソフトバンク,1.5,勝,敗,False,True,True,2025_oof_calibration
2025-04-09,2025,regular,オリックス,0,京セラドーム大阪,大津 亮介,曽谷 龍平,10.0,9.0,1.0,0.5,0.6667,3.7,1.0,4,9,0.3333333333333333,0.4,0.3333333333333333,0.3333333333333333,0.4,-0.4444444444444444,-0.4444444444444444,4.0,3.888888888888889,3.6,4.333333333333333,0.75,2.15,0,0.4671123561252853,0.5320701320652287,1.1214867784476892,0.48010391131327396,0.674733270395359,1,勝,67.4733270395359,0.6,,0.6,,ソフトバンク,0.4,勝,勝,True,True,False,2025_oof_calibration
2025-04-11,2025,regular,ロッテ,0,ZOZOマリンスタジアム,有原 航平,石川 柊太,5.0,4.0,1.0,0.1176,-0.1667,0.806,1.0,4,10,0.4,0.6,0.4,0.4,1.0,-0.3,-0.3,5.8,4.5,4.8,4.8,0.55,0.1,1,0.4942293522472448,0.6454221693519373,1.8346822100418372,0.5244679156681833,0.6449966930908587,1,勝,64.49966930908587,0.4,,0.4,,ソフトバンク,0.6,勝,勝,True,True,False,2025_oof_calibration
2025-04-12,2025,regular,ロッテ,0,ZOZOマリンスタジアム,大関 友久,小島 和哉,8.0,0.0,8.0,0.2885,-0.3333,1.241,1.0,4,11,0.45454545454545453,0.8,0.5,0.45454545454545453,2.4,0.4,-0.18181818181818182,6.8,4.8,4.4,4.4,0.6,0.25,0,0.49148234528920315,0.8613320760208711,2.4372230013931984,0.5654522914355367,0.616253347077847,1,勝,61.625334707784695,,0.0,,0,ロッテ,8.0,勝,勝,True,True,False,2025_oof_calibration
2025-04-15,2025,regular,楽天,1,PayPayドーム,モイネロ,藤井 聖,1.0,2.0,-1.0,0.2931,0.6667,4.219,0.0,4,12,0.5,1.0,0.6,0.5,4.6,1.3,0.5,7.8,5.2,3.2,3.9,0.65,3.2,2,0.5296779521629496,0.752652825962128,1.8666173442375567,0.5742729269227853,0.6098813112281248,1,勝,60.98813112281248,1.7,,1.7,,ソフトバンク,-2.7,敗,勝,False,False,False,2025_oof_calibration
2025-04-16,2025,regular,楽天,1,PayPayドーム,上沢 直之,瀧中 瞭太,2.0,6.0,-4.0,0.6667,0.6667,5.834,0.0,4,13,0.46153846153846156,0.8,0.6,0.46153846153846156,2.4,1.5,0.38461538461538464,5.8,4.9,3.4,3.4,0.65,3.3,0,0.6106965165548136,0.726450887471389,2.5316276457722626,0.6338473907381287,0.564785578495235,0,敗,43.521442150476496,1.0,,1.0,,ソフトバンク,-5.0,敗,勝,False,True,False,2025_oof_calibration
2025-04-17,2025,regular,楽天,1,PayPayドーム,前田 純,岸 孝之,3.0,4.0,-1.0,-0.1667,-0.5,0.2,0.0,4,14,0.42857142857142855,0.6,0.5,0.42857142857142855,1.0,0.7,0.07142857142857142,5.2,4.6,4.2,3.9,0.6,2.9,0,0.5548900500386507,0.824854690631404,1.8216750182834622,0.6088829781572014,0.584150624732512,0,敗,41.5849375267488,1.0,,1.0,,ソフトバンク,-2.0,敗,勝,False,True,False,2025_oof_calibration
2025-04-18,2025,regular,西武,0,メットライフドーム,有原 航平,今井 達也,1.0,2.0,-1.0,-0.0857,-0.6667,-0.76,0.0,4,15,0.4,0.4,0.5,0.4,0.6,0.8,0.0,3.8,4.8,3.2,4.0,0.6,1.0,0,0.6228911032746155,0.8614688864356058,2.0864659351771317,0.6706066599068136,0.5348315131183646,0,敗,46.516848688163535,,0.0,,0,西武,-1.0,敗,勝,False,True,False,2025_oof_calibration
2025-04-19,2025,regular,西武,0,メットライフドーム,大関 友久,隅田 知一郎,0.0,1.0,-1.0,0.3056,-0.3334,2.5,0.0,4,16,0.375,0.2,0.5,0.375,0.2,1.3,-0.0625,3.0,4.9,2.8,3.6,0.55,0.75,0,0.7051808890567831,0.8535732680749556,1.8560259730594528,0.7348593648604176,0.47733487427159926,0,敗,52.26651257284007,0.2,,0.2,,ソフトバンク,-1.2,敗,勝,False,True,False,2025_oof_calibration
2025-04-20,2025,regular,西武,0,メットライフドーム,東浜 巨,渡邉 勇太朗,3.0,1.0,2.0,0.25,-0.3333,4.217,1.0,4,17,0.35294117647058826,0.0,0.5,0.35294117647058826,-1.6,1.5,-0.11764705882352941,1.4,4.6,3.0,3.1,0.5,0.5,0,0.765269099384052,0.7212908719882583,1.4320513244284936,0.7564734539048933,0.456153857215957,0,敗,54.3846142784043,0.5,,0.5,,ソフトバンク,1.5,勝,勝,True,False,False,2025_oof_calibration
2025-04-23,2025,regular,オリックス,1,PayPayドーム,上沢 直之,曽谷 龍平,6.0,2.0,4.0,0.5714,0.3333,3.786,1.0,4,18,0.3888888888888889,0.2,0.5,0.3888888888888889,-1.0,0.7,0.0,1.8,3.8,2.8,3.1,0.8,2.3,2,0.5047658209218047,0.6934940339453413,-0.8142789576314835,0.542511463526512,0.6325086364498911,1,勝,63.25086364498911,0.0,,0,,ソフトバンク,4.0,勝,敗,False,True,False,2025_oof_calibration
2025-04-25,2025,regular,楽天,0,楽天モバイル,有原 航平,早川 隆久,1.0,0.0,1.0,0.1111,-0.3334,2.513,1.0,4,19,0.42105263157894735,0.4,0.5,0.42105263157894735,0.6,0.8,0.21052631578947367,2.6,3.9,2.0,3.1,0.55,1.8,1,0.5328432821883697,0.9426575858525091,1.565240076374095,0.6148061429211976,0.5796211272822022,0,敗,42.03788727177978,,0.0,,0,楽天,1.0,勝,勝,True,False,False,2025_oof_calibration
2025-04-26,2025,regular,楽天,0,楽天モバイル,大関 友久,内 星龍,3.0,6.0,-3.0,-0.4643,-0.6667,-0.069,0.0,4,20,0.45,0.6,0.5,0.45,1.0,0.8,0.25,2.2,3.0,1.2,2.2,0.55,1.25,0,0.5860610378828157,0.9205646336736902,2.125895811884047,0.6529617570409906,0.5494399224108791,0,敗,45.05600775891209,0.4,,0.4,,ソフトバンク,-3.4,敗,勝,False,True,False,2025_oof_calibration
2025-04-27,2025,regular,楽天,0,楽天モバイル,前田 純,岸 孝之,2.0,3.0,-1.0,-0.75,-1.0,-1.0,0.0,4,21,0.42857142857142855,0.6,0.4,0.45,0.6,0.4,0.4,2.6,2.8,2.0,2.4,0.55,1.3,0,0.5493549180671305,0.9356917789607243,1.3542036116353333,0.6266222902458494,0.5704656008798018,0,敗,42.95343991201982,0.3,,0.3,,ソフトバンク,-1.3,敗,勝,False,True,False,2025_oof_calibration
2025-04-29,2025,regular,日本ハム,1,PayPayドーム,モイネロ,伊藤 大海,1.0,2.0,-1.0,0.2111,0.3334,2.253,0.0,4,22,0.4090909090909091,0.6,0.3,0.45,0.6,-0.5,0.4,3.0,2.2,2.4,2.7,0.5,0.45,1,0.5963035193934472,0.6963317403311253,0.6064430364220124,0.6163091635809828,0.5784654916831501,0,敗,42.15345083168499,0.4,,0.4,,ソフトバンク,-1.4,敗,勝,False,True,False,2025_oof_calibration
2025-04-30,2025,regular,日本ハム,1,PayPayドーム,東浜 巨,山﨑 福也,1.0,6.0,-5.0,-0.0667,0.1667,-0.238,0.0,4,23,0.391304347826087,0.4,0.3,0.45,0.0,-0.5,0.5,2.6,2.2,2.6,2.7,0.45,0.3,0,0.6386672099036461,0.8285484218047587,0.7283793528810378,0.6766434522838686,0.5297286964905003,0,敗,47.027130350949975,0.2,,0.2,,ソフトバンク,-5.2,敗,勝,False,True,False,2025_oof_calibration
2025-05-01,2025,regular,日本ハム,1,PayPayドーム,上沢 直之,古林 睿煬,2.0,3.0,-1.0,0.125,0.1667,1.625,0.0,5,24,0.375,0.2,0.3,0.4,-1.8,-0.6,0.05,1.6,2.1,3.4,2.7,0.4,-0.15,0,0.4034927126887483,0.6931384676789508,0.4429378433082567,0.4614218636867888,0.6868968855906239,1,勝,68.68968855906239,0.2,,0.2,,ソフトバンク,-1.2,敗,勝,False,False,False,2025_oof_calibration
2025-05-02,2025,regular,ロッテ,1,PayPayドーム,有原 航平,ボス,4.0,3.0,1.0,0.1216,0.1667,1.269,1.0,5,25,0.36,0.0,0.3,0.4,-2.2,-0.6,0.1,1.8,2.0,4.0,2.6,0.65,0.95,0,0.40365739242846355,0.48292016018200695,-0.451675093828688,0.41950994597917224,0.7135469553965078,1,勝,71.35469553965078,0.4,,0.4,,ソフトバンク,0.6,勝,敗,False,True,True,2025_oof_calibration
2025-05-03,2025,regular,ロッテ,1,PayPayドーム,大関 友久,石川 柊太,5.0,0.0,5.0,0.5172,0.3333,1.8,1.0,5,26,0.38461538461538464,0.2,0.4,0.45,-1.4,-0.4,0.45,2.0,2.3,3.4,2.7,0.65,0.75,0,0.43267707554449514,0.3331748381798906,0.9677931513037064,0.4127766280715742,0.7177565569395686,1,勝,71.77565569395686,0.3,,0.3,,ソフトバンク,4.7,勝,勝,True,True,True,2025_oof_calibration
2025-05-04,2025,regular,ロッテ,1,PayPayドーム,前田 純,小島 和哉,5.0,3.0,2.0,0.0,-0.3333,1.857,1.0,5,27,0.4074074074074074,0.4,0.5,0.5,-0.2,0.2,0.85,2.6,2.8,2.8,2.6,0.65,0.9,0,0.332892299340873,0.48963582119859433,-0.10443079978491698,0.3642410037124173,0.7476306957036937,1,勝,74.76306957036937,0.4,,0.4,,ソフトバンク,1.6,勝,敗,False,True,True,2025_oof_calibration
2025-05-05,2025,regular,西武,0,メットライフドーム,大津 亮介,渡邉 勇太朗,2.0,0.0,2.0,0.3238,0.3334,4.114,1.0,5,28,0.42857142857142855,0.6,0.5,0.5,0.4,0.2,0.45,3.4,3.0,3.0,2.8,0.5,0.55,0,0.5006001575575645,0.3330872278524496,2.7446481793148836,0.46709757161654153,0.6832217785631893,1,勝,68.32217785631893,0.4,,0.4,,ソフトバンク,1.6,勝,勝,True,True,False,2025_oof_calibration
2025-05-06,2025,regular,西武,0,メットライフドーム,モイネロ,上田 大河,10.0,0.0,10.0,0.2419,-0.1667,2.265,1.0,5,29,0.4482758620689655,0.8,0.5,0.5,1.8,0.0,0.4,3.6,2.6,1.8,2.6,0.5,0.6,0,0.4300099968208602,0.6197559448124873,3.1415964857620544,0.46795918641918566,0.6826623579465062,1,勝,68.26623579465063,1.3,,1.3,,ソフトバンク,8.7,勝,勝,True,True,False,2025_oof_calibration
2025-05-07,2025,regular,西武,0,メットライフドーム,東浜 巨,髙橋 光成,1.0,7.0,-6.0,0.5,0.5,2.235,0.0,5,30,0.4666666666666667,1.0,0.5,0.5,4.0,0.9,0.85,5.2,3.5,1.2,2.6,0.5,1.05,0,0.5046263019982539,0.7691760178450541,3.7171914325457145,0.5575362451676139,0.6219128441554458,1,勝,62.19128441554458,0.3,,0.3,,ソフトバンク,-6.3,敗,勝,False,False,False,2025_oof_calibration
2025-05-09,2025,regular,オリックス,0,京セラドーム大阪,有原 航平,エスピノーザ,11.0,1.0,10.0,0.1316,0.1667,1.108,1.0,5,31,0.45161290322580644,0.8,0.5,0.45,2.6,0.6,0.5,4.6,3.3,2.0,2.7,0.8,2.35,1,0.329305127764197,0.7664839759399771,1.2254637431978117,0.416740897399353,0.7152803175925286,1,勝,71.52803175925287,,0.2,,0.2,オリックス,10.2,勝,勝,True,True,True,2025_oof_calibration
2025-05-10,2025,regular,オリックス,0,京セラドーム大阪,大関 友久,曽谷 龍平,1.0,6.0,-5.0,0.5333,0.3333,3.735,0.0,5,32,0.46875,0.8,0.6,0.45,3.6,1.7,0.6,5.8,4.2,2.2,2.5,0.8,2.6,0,0.40553432963962355,0.8067426349212289,1.566977532418436,0.48577599069594457,0.671001026073027,1,勝,67.1001026073027,,0.0,,0,オリックス,-5.0,敗,勝,False,False,False,2025_oof_calibration
2025-05-11,2025,regular,オリックス,0,京セラドーム大阪,上沢 直之,田嶋 大樹,7.0,1.0,6.0,0.4127,0.3333,3.904,1.0,5,33,0.45454545454545453,0.6,0.6,0.45,2.2,1.3,0.4,5.0,4.2,2.8,2.9,0.75,2.15,0,0.4431032647266772,0.8210497502838893,1.6248643951823603,0.5186925618381196,0.6489426561542246,1,勝,64.89426561542247,,0.3,,0.3,オリックス,6.3,勝,勝,True,True,False,2025_oof_calibration
2025-05-13,2025,regular,西武,1,京セラドーム大阪,モイネロ,菅井 信也,6.0,1.0,5.0,-0.25,-0.6667,0.486,1.0,5,34,0.47058823529411764,0.6,0.7,0.5,3.0,2.4,0.9,6.0,4.8,3.0,2.4,0.5,0.95,1,0.48423485878788214,0.2567053240626932,0.8220796440272692,0.4387289518428444,0.7014273011524251,1,勝,70.14273011524251,1.6,,1.6,,ソフトバンク,3.4,勝,敗,False,True,False,2025_oof_calibration
2025-05-14,2025,regular,西武,1,PayPayドーム,大津 亮介,武内 夏暉,1.0,3.0,-2.0,0.1455,0.3334,1.173,0.0,5,35,0.4857142857142857,0.6,0.8,0.55,2.0,3.0,1.2,5.2,5.2,3.2,2.2,0.5,1.0,0,0.6205095258463812,0.508355737875776,1.8076304962787986,0.5980787682522601,0.5923142542535877,0,敗,40.76857457464123,0.0,,0,,ソフトバンク,-2.0,敗,勝,False,True,False,2025_oof_calibration
2025-05-15,2025,regular,西武,1,PayPayドーム,前田 純,髙橋 光成,5.0,0.0,5.0,0.0,0.0,-0.542,1.0,5,36,0.4722222222222222,0.6,0.7,0.55,2.8,2.7,1.15,5.2,4.9,2.4,2.2,0.5,1.0,0,0.557047476377793,0.5231962310625742,1.3673122903669048,0.5502772273147493,0.6270553576020347,1,勝,62.70553576020347,0.0,,0,,ソフトバンク,5.0,勝,勝,True,True,False,2025_oof_calibration
2025-05-16,2025,regular,楽天,1,PayPayドーム,有原 航平,藤井 聖,1.0,5.0,-4.0,0.041,0.6667,2.2,0.0,5,37,0.4864864864864865,0.6,0.7,0.6,1.8,2.7,1.45,4.0,4.9,2.2,2.2,0.55,1.45,0,0.5146128309907183,0.48936112309023955,1.9763722406527071,0.5095624894106225,0.6551327428345992,1,勝,65.51327428345992,0.7,,0.7,,ソフトバンク,-4.7,敗,勝,False,False,False,2025_oof_calibration
2025-05-17,2025,regular,楽天,1,PayPayドーム,大関 友久,内 星龍,2.0,1.0,1.0,-0.4839,-0.6667,-1.25,1.0,5,38,0.47368421052631576,0.6,0.6,0.55,2.0,2.1,1.15,4.0,4.5,2.0,2.4,0.5,1.15,0,0.38511133311691553,0.5009968849297346,1.197865878662655,0.40828844347947935,0.7205527088416296,1,勝,72.05527088416297,0.4,,0.4,,ソフトバンク,0.6,勝,勝,True,True,True,2025_oof_calibration
2025-05-18,2025,regular,楽天,1,PayPayドーム,上沢 直之,ヤフーレ,2.0,1.0,1.0,0.1,0.1667,1.8,1.0,5,39,0.48717948717948717,0.6,0.6,0.55,1.0,2.0,1.0,3.0,4.5,2.0,2.5,0.5,0.75,0,0.5138840050388551,0.7432024399077506,2.6602486765546223,0.5597476920126342,0.6203372862476548,1,勝,62.03372862476548,0.5,,0.5,,ソフトバンク,0.5,勝,勝,True,True,False,2025_oof_calibration
2025-05-20,2025,regular,日本ハム,0,エスコンF,モイネロ,伊藤 大海,5.0,2.0,3.0,0.1576,0.0,2.356,1.0,5,40,0.5,0.6,0.6,0.55,0.2,1.1,1.0,2.2,3.7,2.0,2.6,0.35,-0.5,1,0.4277428662393475,0.8888586797653303,2.311650820677122,0.519966028944544,0.6480746256374479,1,勝,64.80746256374479,0.2,,0.2,,ソフトバンク,2.8,勝,勝,True,True,False,2025_oof_calibration
2025-05-21,2025,regular,日本ハム,0,エスコンF,松本 晴,北山 亘基,1.0,2.0,-1.0,-0.1,-0.6667,0.0,0.0,5,41,0.5121951219512195,0.8,0.7,0.6,1.2,2.0,1.3,3.0,4.1,1.8,2.1,0.35,-0.7,0,0.3832915218708222,0.7349757368317945,2.4455245858119117,0.45362836486301666,0.6919158600292853,1,勝,69.19158600292853,,0.5,,0.5,日本ハム,-0.5,敗,勝,False,False,False,2025_oof_calibration
2025-05-22,2025,regular,日本ハム,0,エスコンF,前田 純,古林 睿煬,4.0,3.0,1.0,-0.5714,-0.3333,-0.333,1.0,5,42,0.5,0.6,0.6,0.6,0.0,0.9,1.3,2.2,3.1,2.2,2.2,0.3,-0.8,0,0.40148047202165127,0.716027455276389,1.7225393592454463,0.4643898686725988,0.6849772002590093,1,勝,68.49772002590093,,0.4,,0.4,日本ハム,1.4,勝,勝,True,True,False,2025_oof_calibration
2025-05-25,2025,regular,オリックス,1,鹿児島,上沢 直之,曽谷 龍平,5.0,13.0,-8.0,0.4697,0.3334,3.227,0.0,5,43,0.5116279069767442,0.8,0.7,0.65,1.0,1.5,1.4,2.8,3.4,1.8,1.9,0.8,2.55,2,0.371425339341684,0.7727801643235092,1.0542635077497615,0.45169630433804897,0.6931553281126063,1,勝,69.31553281126062,0.0,,0,,ソフトバンク,-8.0,敗,勝,False,False,False,2025_oof_calibration
2025-05-27,2025,regular,日本ハム,1,PayPayドーム,有原 航平,伊藤 大海,2.0,5.0,-3.0,0.0795,0.3334,0.972,0.0,5,44,0.5,0.6,0.6,0.65,-0.8,0.1,1.25,3.4,3.2,4.2,3.1,0.35,-0.7,1,0.46426776890870936,0.7376346175746055,1.990460336374298,0.5189411386418885,0.6487733098131586,1,勝,64.87733098131586,,0.3,,0.3,日本ハム,-2.7,敗,勝,False,False,False,2025_oof_calibration
2025-05-28,2025,regular,日本ハム,1,PayPayドーム,モイネロ,加藤 貴之,2.0,1.0,1.0,0.7647,1.0,5.735,1.0,5,45,0.4888888888888889,0.4,0.5,0.65,-1.6,-0.7,1.15,3.4,2.8,5.0,3.5,0.35,-0.75,0,0.5580111071462017,0.5753479621227224,2.49395511748689,0.5614784781415059,0.6191012255318916,1,勝,61.91012255318916,0.7,,0.7,,ソフトバンク,0.30000000000000004,勝,勝,True,True,False,2025_oof_calibration
2025-06-01,2025,regular,楽天,0,楽天モバイル,松本 晴,藤井 聖,0.0,3.0,-3.0,-0.2667,-0.3334,0.133,0.0,6,46,0.5,0.4,0.6,0.65,-2.0,-0.4,1.15,2.8,2.9,4.8,3.3,0.55,0.85,3,0.5125997190584402,0.23726632101757908,1.1463900852962277,0.45753303945026796,0.6894051662232902,1,勝,68.94051662232901,0.5,,0.5,,ソフトバンク,-3.5,敗,勝,False,False,False,2025_oof_calibration
2025-06-03,2025,interleague,中日,1,PayPayドーム,有原 航平,涌井 秀章,4.0,0.0,4.0,-0.3902,-0.6667,-0.209,1.0,6,47,0.48936170212765956,0.4,0.5,0.6,-2.4,-1.2,0.75,2.6,2.4,5.0,3.6,0.6666666666666666,0.6666666666666666,1,0.5361422229578229,0.3984885812495654,0.2934306362730319,0.5086114946161714,0.655774216194915,1,勝,65.5774216194915,0.8,,0.8,,ソフトバンク,3.2,勝,敗,False,True,False,2025_oof_calibration
2025-06-04,2025,interleague,中日,1,PayPayドーム,前田 純,三浦 瑞樹,8.0,2.0,6.0,0.5,1.0,5.7,1.0,6,48,0.5,0.4,0.6,0.6,-1.8,-0.4,0.85,2.6,2.7,4.4,3.1,0.75,1.5,0,0.6281920533456211,0.3549142697845536,0.6958061714259338,0.5735364966334077,0.610416032044563,1,勝,61.041603204456294,1.0,,1.0,,ソフトバンク,5.0,勝,敗,False,True,False,2025_oof_calibration
2025-06-05,2025,interleague,中日,1,PayPayドーム,大関 友久,金丸 夢斗,8.0,4.0,4.0,0.0312,0.1667,0.758,1.0,6,49,0.5102040816326531,0.6,0.6,0.6,1.0,0.1,1.05,3.2,3.3,2.2,3.2,0.8,2.4,0,0.46918964166426474,0.6294660337412235,0.3922990702153638,0.5012449200796565,0.6607227609185593,1,勝,66.07227609185593,0.8,,0.8,,ソフトバンク,3.2,勝,敗,False,True,False,2025_oof_calibration
2025-06-06,2025,interleague,ヤクルト,0,神宮野球場,モイネロ,山野 太一,2.0,3.0,-1.0,-0.2286,0.0,-3.474,0.0,6,50,0.52,0.8,0.6,0.6,2.4,0.4,0.75,4.4,3.9,2.0,3.5,0.6666666666666666,-0.3333333333333333,0,0.49948051810747907,0.9416585338265469,2.175438799727692,0.5879161212512926,0.5998819826215203,0,敗,40.011801737847975,1.5,,1半5,,ソフトバンク,-2.5,敗,勝,False,True,False,2025_oof_calibration
2025-06-07,2025,interleague,ヤクルト,0,神宮野球場,上沢 直之,吉村 貢司郎,8.0,1.0,7.0,0.5833,0.6667,2.917,1.0,6,51,0.5098039215686274,0.6,0.5,0.6,2.0,0.0,1.0,4.4,3.6,2.4,3.6,0.5,-0.5,0,0.6794243915252111,0.8376448627579315,2.6266686415764116,0.7110684857717552,0.49949663641275643,0,敗,50.05033635872436,1.4,,1.4,,ソフトバンク,5.6,勝,勝,True,False,False,2025_oof_calibration
2025-06-08,2025,interleague,ヤクルト,0,神宮野球場,松本 晴,高橋 奎二,2.0,4.0,-2.0,0.3333,0.0,2.333,0.0,6,52,0.5192307692307693,0.8,0.6,0.6,4.0,0.8,0.85,6.0,4.3,2.0,3.5,0.6,1.0,0,0.5371722771485747,0.9089837989094267,1.7820156861781318,0.6115345815007451,0.5821277489808641,0,敗,41.78722510191359,1.0,,1.0,,ソフトバンク,-3.0,敗,勝,False,True,False,2025_oof_calibration
2025-06-10,2025,interleague,巨人,1,PayPayドーム,有原 航平,井上 温大,5.0,2.0,3.0,0.119,-0.1667,0.864,1.0,6,53,0.5094339622641509,0.6,0.5,0.6,2.8,0.5,1.0,5.6,4.1,2.8,3.6,0.3333333333333333,0.0,1,0.6662672858868407,0.8015648758074415,1.6305683359002403,0.6933268038709608,0.5153280567733401,0,敗,48.46719432266598,0.5,,0.5,,ソフトバンク,2.5,勝,勝,True,False,False,2025_oof_calibration
2025-06-11,2025,interleague,巨人,1,PayPayドーム,前田 純,西舘 勇陽,3.0,7.0,-4.0,0.0556,0.5,1.182,0.0,6,54,0.5185185185185185,0.6,0.6,0.6,2.2,1.6,0.85,5.0,4.1,2.8,2.5,0.5,0.75,0,0.6505570088571392,0.5896334874842081,0.86920019997987,0.638372304582553,0.5611954558209846,0,敗,43.88045441790154,0.7,,0.7,,ソフトバンク,-4.7,敗,勝,False,True,False,2025_oof_calibration
2025-06-13,2025,interleague,DeNA,1,PayPayドーム,モイネロ,ケイ,4.0,1.0,3.0,-0.25,-0.3333,-2.564,1.0,6,55,0.509090909090909,0.4,0.6,0.55,0.6,1.5,0.4,4.0,4.2,3.4,2.7,0.6666666666666666,2.6666666666666665,1,0.5503719599167075,0.8098084485173876,0.49629328028489583,0.6022592576368435,0.589170267618891,0,敗,41.082973238110895,0.7,,0.7,,ソフトバンク,2.3,勝,敗,False,False,False,2025_oof_calibration
2025-06-14,2025,interleague,DeNA,1,PayPayドーム,上沢 直之,大貫 晋一,4.0,0.0,4.0,0.1154,0.1667,-1.615,1.0,6,56,0.5178571428571429,0.6,0.6,0.6,1.4,1.7,0.65,4.4,4.4,3.0,2.7,0.75,2.75,0,0.5129898761510997,0.8080345399910625,0.883254598897299,0.5719988089190923,0.611530928412563,1,勝,61.153092841256296,0.7,,0.7,,ソフトバンク,3.3,勝,勝,True,True,False,2025_oof_calibration
2025-06-15,2025,interleague,DeNA,1,PayPayドーム,松本 晴,石田 裕太郎,4.0,3.0,1.0,-0.7143,-1.0,-3.857,1.0,6,57,0.5263157894736842,0.6,0.7,0.6,0.8,2.4,0.6,3.6,4.8,2.8,2.4,0.8,3.0,0,0.42512753589739566,0.35755139520469864,-0.29294339384134993,0.41161230775885627,0.718482672234204,1,勝,71.84826722342041,0.6,,0.6,,ソフトバンク,0.4,勝,敗,False,True,True,2025_oof_calibration
2025-06-17,2025,interleague,広島,0,マツダスタジアム,有原 航平,玉村 昇悟,2.0,0.0,2.0,0.6279,0.6667,2.911,1.0,6,58,0.5344827586206896,0.8,0.7,0.65,1.4,2.1,0.85,4.0,4.8,2.6,2.7,1.0,1.6666666666666667,1,0.4482225323853859,0.3801383384819556,1.01509970142804,0.4346056936046998,0.7040410794013479,1,勝,70.4041079401348,0.4,,0.4,,ソフトバンク,1.6,勝,勝,True,True,False,2025_oof_calibration
2025-06-18,2025,interleague,広島,0,マツダスタジアム,前田 純,大瀬良 大地,4.0,8.0,-4.0,0.5,0.6667,1.75,0.0,6,59,0.5423728813559322,0.8,0.7,0.65,1.2,1.7,0.9,3.4,4.2,2.2,2.5,1.0,1.75,0,0.45862604514058214,0.5348605741836091,1.5159850450013734,0.4738729509491875,0.6788117233688894,1,勝,67.88117233688894,0.2,,0.2,,ソフトバンク,-4.2,敗,勝,False,False,False,2025_oof_calibration
2025-06-19,2025,interleague,広島,0,マツダスタジアム,大関 友久,ドミンゲス,16.0,2.0,14.0,0.0455,0.5,0.829,1.0,6,60,0.5333333333333333,0.8,0.6,0.6,1.2,0.9,0.65,3.6,3.8,2.4,2.9,0.8,0.6,0,0.5582682427922324,0.67254676611661,1.886086707741235,0.5811239474571079,0.6048824171078386,1,勝,60.48824171078386,0.5,,0.5,,ソフトバンク,13.5,勝,勝,True,True,False,2025_oof_calibration
2025-06-20,2025,interleague,阪神,0,甲子園球場,モイネロ,村上 頌樹,2.0,1.0,1.0,-0.2432,-0.3333,1.45,1.0,6,61,0.5409836065573771,0.8,0.7,0.6,3.4,2.4,1.2,6.0,5.2,2.6,2.8,0.6666666666666666,1.0,0,0.5462249027689685,0.703288727575279,0.5279350181873574,0.5776376677302306,0.6074317428590612,1,勝,60.74317428590612,0.3,,0.3,,ソフトバンク,0.7,勝,勝,True,True,False,2025_oof_calibration
2025-06-21,2025,interleague,阪神,0,甲子園球場,上沢 直之,大竹 耕太郎,0.0,3.0,-3.0,0.1429,0.1667,1.571,0.0,6,62,0.5483870967741935,0.8,0.7,0.65,2.8,1.8,1.3,5.6,4.6,2.8,2.8,0.75,1.0,0,0.5252834624192277,0.5734797467206016,1.0945783067684038,0.5349227192795025,0.6377911741428665,1,勝,63.779117414286645,,0.2,,0.2,阪神,-2.8,敗,勝,False,False,False,2025_oof_calibration
2025-06-22,2025,interleague,阪神,0,甲子園球場,松本 晴,伊原 陵人,3.0,1.0,2.0,-0.125,-0.1667,-0.625,1.0,6,63,0.5396825396825397,0.6,0.7,0.6,2.0,1.7,1.1,4.8,4.4,2.8,2.7,0.6,0.2,0,0.6370020203562363,0.8288297569998888,1.8371846651752182,0.6753675676849669,0.5308118159506175,0,敗,46.91881840493824,,0.3,,0.3,阪神,2.3,勝,勝,True,False,False,2025_oof_calibration
2025-06-27,2025,regular,ロッテ,0,ZOZOマリンスタジアム,モイネロ,種市 篤暉,6.0,3.0,3.0,0.5132,0.3334,4.415,1.0,6,64,0.546875,0.6,0.7,0.65,2.0,1.6,1.6,5.0,4.2,3.0,2.6,0.7,1.15,4,0.6073366816042624,0.7707826190140841,0.49557776247274754,0.6400258690862267,0.5598770422093103,0,敗,44.012295779068964,1.8,,1.8,,ソフトバンク,1.2,勝,敗,False,False,False,2025_oof_calibration
2025-06-28,2025,regular,ロッテ,0,ZOZOマリンスタジアム,上沢 直之,石川 柊太,0.0,5.0,-5.0,0.6,0.6667,4.267,0.0,6,65,0.5538461538461539,0.8,0.8,0.7,3.4,2.3,1.9,5.4,4.5,2.0,2.2,0.7,1.15,0,0.6561501305358853,0.7470610977319837,1.9707439567415785,0.674332323975105,0.5316888150566983,0,敗,46.83111849433017,1.2,,1.2,,ソフトバンク,-6.2,敗,勝,False,True,False,2025_oof_calibration
2025-06-29,2025,regular,ロッテ,0,ZOZOマリンスタジアム,東浜 巨,田中 晴也,2.0,1.0,1.0,-0.0294,-0.1667,-0.111,1.0,6,66,0.5454545454545454,0.6,0.7,0.65,-0.4,1.5,1.6,2.2,4.1,2.6,2.6,0.65,0.8,0,0.6423685365810745,0.9216210415258511,2.146640461215802,0.6982190375700298,0.5110179119279065,0,敗,48.89820880720935,0.4,,0.4,,ソフトバンク,0.6,勝,勝,True,False,False,2025_oof_calibration
2025-07-01,2025,regular,日本ハム,1,東京ドーム,有原 航平,北山 亘基,1.0,0.0,1.0,-0.0303,0.0,0.768,1.0,7,67,0.5522388059701493,0.6,0.7,0.7,-0.4,1.2,1.8,2.2,3.9,2.6,2.7,0.35,-0.8,1,0.4199845314115964,0.7131999587303748,0.1273050116000206,0.47862761687535205,0.6757015859995792,1,勝,67.57015859995792,,0.2,,0.2,日本ハム,1.2,勝,勝,True,True,False,2025_oof_calibration
2025-07-02,2025,regular,日本ハム,1,PayPayドーム,大関 友久,加藤 貴之,2.0,1.0,1.0,0.5588,1.0,4.051,1.0,7,68,0.5588235294117647,0.8,0.7,0.7,0.4,1.2,1.65,2.4,3.6,2.0,2.4,0.4,-0.7,0,0.41696714587124534,0.8469311105835682,0.3725212091017951,0.5029599388137099,0.6595738804552107,1,勝,65.95738804552107,0.0,,0,,ソフトバンク,1.0,勝,勝,True,True,False,2025_oof_calibration
2025-07-03,2025,regular,日本ハム,1,PayPayドーム,松本 晴,金村 尚真,4.0,1.0,3.0,0.4444,0.6667,1.667,1.0,7,69,0.5652173913043478,0.8,0.7,0.7,0.2,1.1,1.4,2.2,3.6,2.0,2.5,0.4,-0.7,0,0.4042145248516564,0.7234279420369572,0.8021874333783283,0.46805720828871655,0.6825986897295665,1,勝,68.25986897295665,0.0,,0,,ソフトバンク,3.0,勝,勝,True,True,False,2025_oof_calibration
2025-07-04,2025,regular,西武,1,PayPayドーム,モイネロ,武内 夏暉,0.0,1.0,-1.0,0.2692,0.6667,2.429,0.0,7,70,0.5714285714285714,0.8,0.8,0.7,0.2,1.8,1.35,1.8,3.6,1.6,1.8,0.5,1.2,0,0.5431097344446922,0.8448469397907223,1.1118940564607898,0.6034571755138982,0.5882659507610782,0,敗,41.17340492389218,1.4,,1.4,,ソフトバンク,-2.4,敗,敗,True,True,False,2025_oof_calibration
2025-07-05,2025,regular,西武,1,PayPayドーム,上沢 直之,今井 達也,4.0,3.0,1.0,-0.1875,-0.6667,-0.625,1.0,7,71,0.5633802816901409,0.8,0.7,0.7,1.0,0.3,1.35,1.8,2.0,0.8,1.7,0.45,0.9,0,0.4931146381260345,0.3851320730369088,1.1005217311188953,0.4715181251082094,0.6803473435857536,1,勝,68.03473435857535,,0.2,,0.2,西武,1.2,勝,勝,True,True,False,2025_oof_calibration
2025-07-06,2025,regular,西武,1,PayPayドーム,東浜 巨,隅田 知一郎,3.0,1.0,2.0,0.1667,-0.3334,1.169,1.0,7,72,0.5694444444444444,0.8,0.7,0.7,1.0,0.3,1.05,2.2,2.2,1.2,1.9,0.5,1.1,0,0.4847312049277858,0.2720289588601593,1.307874410295477,0.44219075571426053,0.6992268032747669,1,勝,69.9226803274767,0.0,,0,,ソフトバンク,2.0,勝,勝,True,True,False,2025_oof_calibration
2025-07-08,2025,regular,オリックス,0,京セラドーム大阪,有原 航平,エスピノーザ,9.0,1.0,8.0,0.3111,1.0,3.686,1.0,7,73,0.5753424657534246,0.8,0.8,0.75,1.2,0.8,1.25,2.6,2.5,1.4,1.7,0.8,2.3,1,0.38015712662373286,0.3622107479009114,0.8882834414592883,0.37656785087916855,0.7401130287181176,1,勝,74.01130287181175,0.2,,0.2,,ソフトバンク,7.8,勝,勝,True,True,True,2025_oof_calibration
2025-07-09,2025,regular,オリックス,0,京セラドーム大阪,大関 友久,宮城 大弥,1.0,0.0,1.0,-0.0286,0.3333,1.389,1.0,7,74,0.581081081081081,0.8,0.8,0.75,2.6,1.4,1.5,4.0,3.1,1.4,1.7,0.85,2.75,0,0.3391366234783757,0.33604573042646474,0.27712128307072115,0.3385184448679935,0.7631975897997727,1,勝,76.31975897997727,,0.2,,0.2,オリックス,1.2,勝,勝,True,True,True,2025_oof_calibration
2025-07-10,2025,regular,オリックス,0,京セラドーム大阪,松本 晴,東 晃平,0.0,4.0,-4.0,0.5,1.0,2.0,0.0,7,75,0.5866666666666667,0.8,0.8,0.8,2.2,1.2,1.75,3.4,2.6,1.2,1.4,0.85,2.6,0,0.3543665714180379,0.34082157114257716,0.9805165076026551,0.3516575713629458,0.7552644701884798,1,勝,75.52644701884797,0.5,,0.5,,ソフトバンク,-4.5,敗,勝,False,False,True,2025_oof_calibration
2025-07-11,2025,regular,楽天,0,楽天モバイル,モイネロ,古謝 樹,0.0,3.0,-3.0,0.15,0.3334,0.949,0.0,7,76,0.5789473684210527,0.8,0.8,0.75,1.6,1.3,1.4,3.4,2.6,1.8,1.3,0.5,0.35,0,0.3574642516510926,0.4465558107096163,1.4390906339024643,0.3752825634627973,0.7408988530027272,1,勝,74.08988530027271,1.8,,1.8,,ソフトバンク,-4.8,敗,敗,True,False,True,2025_oof_calibration
2025-07-12,2025,regular,楽天,0,楽天モバイル,上沢 直之,瀧中 瞭太,0.0,7.0,-7.0,0.3382,0.0,2.632,0.0,7,77,0.5714285714285714,0.6,0.7,0.7,0.8,0.9,1.05,2.6,2.4,1.8,1.5,0.5,0.55,0,0.4074252323427688,0.7734859878731448,1.3348617251528991,0.480637383448844,0.674383049828546,1,勝,67.4383049828546,0.6,,0.6,,ソフトバンク,-7.6,敗,勝,False,False,False,2025_oof_calibration
2025-07-13,2025,regular,楽天,0,楽天モバイル,前田 悠伍,内 星龍,5.0,3.0,2.0,0.3333,0.3333,1.0,1.0,7,78,0.5641025641025641,0.4,0.6,0.65,-1.0,0.1,0.65,2.0,2.3,3.0,2.2,0.45,0.05,0,0.4714612498506315,0.31464852838811164,2.2556033923657743,0.4400987055581275,0.7005572809815895,1,勝,70.05572809815895,0.3,,0.3,,ソフトバンク,1.7,勝,勝,True,True,False,2025_oof_calibration
2025-07-15,2025,regular,ロッテ,1,PayPayドーム,有原 航平,ボス,10.0,2.0,8.0,0.3189,0.6667,1.75,1.0,7,79,0.569620253164557,0.4,0.6,0.65,-2.2,0.2,0.65,1.2,2.6,3.4,2.4,0.65,0.75,1,0.547128254781431,0.3404743179270178,0.652376674463538,0.5057974674105483,0.6576688001752757,1,勝,65.76688001752757,1.2,,1.2,,ソフトバンク,6.8,勝,敗,False,True,False,2025_oof_calibration
2025-07-16,2025,regular,ロッテ,1,PayPayドーム,大関 友久,サモンズ,6.0,0.0,6.0,0.0833,0.5,1.184,1.0,7,80,0.575,0.4,0.6,0.7,-0.8,0.7,1.25,3.0,3.2,3.8,2.5,0.7,1.35,0,0.4927904027538797,0.7210772640686381,-0.32133205099990114,0.5384477750168314,0.6353429763721743,1,勝,63.53429763721743,0.8,,0.8,,ソフトバンク,5.2,勝,敗,False,True,False,2025_oof_calibration
2025-07-19,2025,regular,西武,0,メットライフドーム,モイネロ,今井 達也,4.0,0.0,4.0,0.065,-0.3334,1.005,1.0,7,81,0.5802469135802469,0.6,0.7,0.7,1.2,1.4,0.85,4.2,3.8,3.0,2.4,0.5,0.85,2,0.4874544881796803,0.5430746093259362,0.7283616717608512,0.4985785124089315,0.6625051855212728,1,勝,66.25051855212728,0.3,,0.3,,ソフトバンク,3.7,勝,勝,True,True,False,2025_oof_calibration
2025-07-20,2025,regular,西武,0,メットライフドーム,東浜 巨,武内 夏暉,7.0,3.0,4.0,-0.0451,0.0,-0.093,1.0,7,82,0.5853658536585366,0.8,0.7,0.7,2.6,1.7,1.0,5.0,3.8,2.4,2.1,0.55,1.1,0,0.4325198423166847,0.7265121815206613,1.0569910089987227,0.49131831015748006,0.6673355505390854,1,勝,66.73355505390855,0.3,,0.3,,ソフトバンク,3.7,勝,勝,True,True,False,2025_oof_calibration
2025-07-21,2025,regular,西武,0,メットライフドーム,大津 亮介,隅田 知一郎,4.0,1.0,3.0,0.2217,0.0,1.952,1.0,7,83,0.5903614457831325,1.0,0.7,0.75,4.8,1.9,1.35,6.4,4.2,1.6,2.3,0.6,1.35,0,0.3487942416373489,0.7142130220062671,0.5304358850843756,0.42187799771113255,0.7120621405532968,1,勝,71.20621405532968,,0.0,,0,西武,3.0,勝,勝,True,True,True,2025_oof_calibration
2025-07-26,2025,regular,オリックス,1,PayPayドーム,有原 航平,田嶋 大樹,11.0,3.0,8.0,0.5346,1.0,4.224,1.0,7,84,0.5952380952380952,1.0,0.7,0.75,5.0,1.4,1.4,6.2,3.7,1.2,2.3,0.8,2.25,4,0.29577512167598324,0.5311005369914529,-1.8736799110643667,0.34284020473907717,0.7605920949985748,1,勝,76.05920949985749,0.7,,0.7,,ソフトバンク,7.3,勝,敗,False,True,True,2025_oof_calibration
2025-07-27,2025,regular,オリックス,1,PayPayドーム,大関 友久,東松 快征,3.0,1.0,2.0,0.0946,0.5,1.308,1.0,7,85,0.6,1.0,0.7,0.75,5.0,2.1,1.65,6.4,4.7,1.4,2.6,0.8,2.5,0,0.3195131872859983,0.5336384087646396,-1.137960583260289,0.36233823158172657,0.74878750636389,1,勝,74.878750636389,1.5,,1半2,,ソフトバンク,0.5,勝,敗,False,True,True,2025_oof_calibration
2025-07-29,2025,regular,日本ハム,0,エスコンF,モイネロ,山﨑 福也,5.0,2.0,3.0,0.0714,-0.3334,0.767,1.0,7,86,0.6046511627906976,1.0,0.8,0.8,4.2,2.7,2.0,5.8,5.0,1.6,2.3,0.4,-0.6,1,0.3011742190245417,0.38655482728293816,-0.34884594271813585,0.318250340676221,0.7753735503153437,1,勝,77.53735503153437,0.5,,0.5,,ソフトバンク,2.5,勝,敗,False,True,True,2025_oof_calibration
2025-07-31,2025,regular,日本ハム,0,エスコンF,松本 晴,達 孝太,5.0,4.0,1.0,-0.0455,0.0,-0.333,1.0,7,87,0.6091954022988506,1.0,0.9,0.8,4.0,3.3,2.1,6.0,5.5,2.0,2.2,0.45,-0.2,1,0.28795184168066656,0.3925301299608707,-0.40401188449403524,0.30886749933670743,0.7809905317930056,1,勝,78.09905317930055,,0.6,,0.6,日本ハム,1.6,勝,勝,True,True,True,2025_oof_calibration
2025-08-01,2025,regular,楽天,1,PayPayドーム,上沢 直之,瀧中 瞭太,3.0,1.0,2.0,0.1556,-0.3334,0.444,1.0,8,88,0.6136363636363636,1.0,1.0,0.8,3.4,4.1,2.1,5.6,6.0,2.2,1.9,0.45,-0.35,0,0.613361755308888,0.7147931345927007,1.566278267408251,0.6336480311656505,0.5649431640557533,0,敗,43.505683594424674,1.2,,1.2,,ソフトバンク,0.8,勝,勝,True,False,False,2025_oof_calibration
2025-08-02,2025,regular,楽天,1,PayPayドーム,有原 航平,ヤフーレ,5.0,2.0,3.0,0.6667,1.0,2.36,1.0,8,89,0.6179775280898876,1.0,1.0,0.8,3.2,4.1,2.15,5.4,5.8,2.2,1.7,0.5,-0.1,0,0.5982687624527774,0.8355257834218,2.342461224062158,0.6457201666465819,0.5553099218946943,0,敗,44.46900781053057,0.8,,0.8,,ソフトバンク,2.2,勝,勝,True,False,False,2025_oof_calibration
2025-08-03,2025,regular,楽天,1,PayPayドーム,大関 友久,藤井 聖,8.0,1.0,7.0,-0.109,0.0,1.182,1.0,8,90,0.6222222222222222,1.0,1.0,0.8,2.2,3.6,2.15,4.2,5.3,2.0,1.7,0.55,0.1,0,0.5588698766949263,0.7887140667140067,1.3528568505056362,0.6048387146987423,0.5872211108761944,0,敗,41.277888912380554,1.3,,1.3,,ソフトバンク,5.7,勝,勝,True,False,False,2025_oof_calibration
2025-08-05,2025,regular,ロッテ,0,ZOZOマリンスタジアム,前田 悠伍,種市 篤暉,3.0,6.0,-3.0,0.8,0.6667,4.2,0.0,8,91,0.6263736263736264,1.0,1.0,0.85,3.2,3.7,2.55,5.2,5.5,2.0,1.8,0.7,1.5,1,0.4817890960246865,0.6662052499968848,0.6368943280798287,0.5186723268191261,0.6489564396089215,1,勝,64.89564396089214,1.0,,1.0,,ソフトバンク,-4.0,敗,敗,True,False,False,2025_oof_calibration
2025-08-06,2025,regular,ロッテ,0,ZOZOマリンスタジアム,大津 亮介,石川 柊太,12.0,3.0,9.0,0.2084,0.3334,1.083,1.0,8,92,0.6195652173913043,0.8,0.9,0.8,2.0,3.0,2.35,4.8,5.4,2.8,2.4,0.65,1.15,0,0.5136675201927113,0.6278645539787937,0.9668763654404009,0.5365069269499279,0.6366921111764872,1,勝,63.669211117648715,1.2,,1.2,,ソフトバンク,7.8,勝,敗,False,True,False,2025_oof_calibration
2025-08-07,2025,regular,ロッテ,0,ZOZOマリンスタジアム,松本 晴,サモンズ,2.0,1.0,1.0,0.5,0.5,2.769,1.0,8,93,0.6236559139784946,0.8,0.9,0.8,3.6,3.5,2.7,6.2,5.9,2.6,2.4,0.7,1.75,0,0.48045937828364366,0.6100303860927402,0.31509592773927275,0.5063735798454629,0.6572813549515734,1,勝,65.72813549515733,1.0,,1.0,,ソフトバンク,0.0,分,敗,,True,False,2025_oof_calibration
2025-08-09,2025,regular,日本ハム,1,PayPayドーム,有原 航平,加藤 貴之,4.0,1.0,3.0,0.6735,1.0,4.017,1.0,8,94,0.6276595744680851,0.8,0.9,0.8,3.4,3.3,2.35,6.0,5.7,2.6,2.4,0.5,-0.05,1,0.5225489424911145,0.8059868055308388,0.14199651241955769,0.5792365150990593,0.6062640292070595,1,勝,60.62640292070595,0.2,,0.2,,ソフトバンク,2.8,勝,敗,False,True,False,2025_oof_calibration
2025-08-10,2025,regular,日本ハム,1,PayPayドーム,モイネロ,伊藤 大海,1.0,0.0,1.0,0.1609,0.0,2.116,1.0,8,95,0.631578947368421,0.8,0.9,0.8,3.4,2.8,2.45,5.8,5.0,2.4,2.2,0.55,0.25,0,0.4765967523498742,0.5491505393714627,-0.5424487616821525,0.49110750975419193,0.6674753088751662,1,勝,66.74753088751662,0.5,,0.5,,ソフトバンク,0.5,勝,敗,False,True,False,2025_oof_calibration
2025-08-11,2025,regular,日本ハム,1,PayPayドーム,大関 友久,孫 易磊,3.0,1.0,2.0,0.1154,0.5,1.463,1.0,8,96,0.6354166666666666,0.8,0.9,0.85,2.2,2.7,2.7,4.4,4.8,2.2,2.1,0.6,0.45,0,0.4540455207429944,0.5164470614232468,-0.31475765401196054,0.46652582887904487,0.6835927718917553,1,勝,68.35927718917553,0.8,,0.8,,ソフトバンク,1.2,勝,敗,False,True,False,2025_oof_calibration
2025-08-16,2025,regular,ロッテ,1,PayPayドーム,有原 航平,小島 和哉,2.0,7.0,-5.0,0.5133,0.6667,3.423,0.0,8,97,0.6391752577319587,1.0,0.9,0.9,3.2,2.6,2.95,4.4,4.6,1.2,2.0,0.7,1.75,4,0.520576737118461,0.7420709634519367,-0.1191264657951221,0.5648755823851561,0.6166675178218967,1,勝,61.666751782189664,1.5,,1.5,,ソフトバンク,-6.5,敗,敗,True,False,False,2025_oof_calibration
2025-08-17,2025,regular,ロッテ,1,PayPayドーム,モイネロ,西野 勇士,1.0,0.0,1.0,0.4167,0.6667,3.922,1.0,8,98,0.6326530612244898,0.8,0.8,0.9,0.4,2.0,3.05,2.4,4.3,2.0,2.3,0.7,1.7,0,0.559840239570538,0.6817442607748984,0.317029255538702,0.58422104381141,0.6026078992804107,1,勝,60.26078992804107,1.5,,1半5,,ソフトバンク,-0.5,敗,敗,True,True,False,2025_oof_calibration
2025-08-19,2025,regular,西武,1,PayPayドーム,大関 友久,渡邉 勇太朗,5.0,2.0,3.0,0.4583,1.0,4.643,1.0,8,99,0.6363636363636364,0.8,0.8,0.9,0.4,1.9,3.0,2.2,4.1,1.8,2.2,0.6,1.4,1,0.596557419518237,0.461118558850565,0.50303686714002,0.5694696473847026,0.613359972994031,1,勝,61.3359972994031,1.7,,1.7,,ソフトバンク,1.3,勝,敗,False,True,False,2025_oof_calibration
2025-08-20,2025,regular,西武,1,PayPayドーム,上沢 直之,松本 航,5.0,4.0,1.0,0.5789,0.6667,6.526,1.0,8,100,0.64,0.8,0.8,0.9,0.4,1.9,2.75,2.4,4.1,2.0,2.2,0.6,1.45,0,0.6093449268385069,0.492781577578517,0.32915350309558655,0.586032256986509,0.6012734160201019,1,勝,60.12734160201019,1.8,,1.8,,ソフトバンク,-0.8,敗,敗,True,True,False,2025_oof_calibration
2025-08-22,2025,regular,日本ハム,0,エスコンF,松本 晴,北山 亘基,3.0,4.0,-1.0,-0.0329,0.3333,-0.143,0.0,8,101,0.6435643564356436,0.8,0.8,0.9,0.4,1.3,2.5,3.2,3.8,2.8,2.5,0.65,0.7,1,0.34496186633164866,0.5874293174379923,0.2090709390729466,0.39345535655291736,0.7297412736719228,1,勝,72.97412736719228,,0.3,,0.3,日本ハム,-0.7,敗,勝,False,False,True,2025_oof_calibration
2025-08-23,2025,regular,日本ハム,0,エスコンF,有原 航平,福島 蓮,3.0,8.0,-5.0,0.6667,0.6667,1.802,0.0,8,102,0.6372549019607843,0.6,0.8,0.85,-0.2,1.5,2.25,3.2,3.8,3.4,2.3,0.65,0.7,0,0.39011119411482176,0.3839187984019301,0.6306611082938409,0.3888727149722434,0.7325647110076051,1,勝,73.2564711007605,,0.0,,0,日本ハム,-5.0,敗,勝,False,False,True,2025_oof_calibration
2025-08-24,2025,regular,日本ハム,0,エスコンF,モイネロ,伊藤 大海,0.0,1.0,-1.0,0.2171,0.6667,2.152,0.0,8,103,0.6310679611650486,0.6,0.7,0.8,-0.2,0.1,1.8,3.4,2.9,3.6,2.8,0.6,0.25,0,0.3918298801165581,0.5935214311694249,1.0058914598703077,0.4321681903271315,0.7055826462152988,1,勝,70.55826462152987,0.3,,0.3,,ソフトバンク,-1.3,敗,勝,False,False,False,2025_oof_calibration
2025-08-26,2025,regular,楽天,0,弘前はるか夢球場,大関 友久,岸 孝之,3.0,10.0,-7.0,-0.3659,0.0,0.512,0.0,8,104,0.625,0.4,0.6,0.75,-0.6,-0.1,1.6,3.2,2.7,3.8,2.8,0.55,0.3,1,0.48978933031516575,0.662790085658915,1.3801563347804278,0.5243894813839156,0.64505044404765,1,勝,64.505044404765,1.4,,1.4,,ソフトバンク,-8.4,敗,敗,True,False,False,2025_oof_calibration
2025-08-27,2025,regular,楽天,0,秋田こまちスタジアム,大津 亮介,古謝 樹,3.0,1.0,2.0,-0.1067,0.3334,-0.587,1.0,8,105,0.6190476190476191,0.2,0.5,0.7,-2.6,-1.1,0.85,2.8,2.6,5.4,3.7,0.5,-0.4,0,0.5390197522945164,0.6223121432919857,2.952234595728349,0.5556782304940102,0.6232333561028451,1,勝,62.323335610284516,1.2,,1.2,,ソフトバンク,0.8,勝,勝,True,True,False,2025_oof_calibration
2025-08-29,2025,regular,ロッテ,0,ZOZOマリンスタジアム,上沢 直之,ボス,3.0,1.0,2.0,0.35,0.3334,3.05,1.0,8,106,0.6226415094339622,0.2,0.5,0.7,-2.4,-1.0,0.85,2.4,2.8,4.8,3.8,0.7,1.6,1,0.5046024562974107,0.5719327056344705,1.2765129509218944,0.5180685061648227,0.6493676097473846,1,勝,64.93676097473846,1.2,,1.2,,ソフトバンク,0.8,勝,勝,True,True,False,2025_oof_calibration
2025-08-30,2025,regular,ロッテ,0,ZOZOマリンスタジアム,有原 航平,サモンズ,4.0,6.0,-2.0,0.6538,0.3333,3.518,0.0,8,107,0.6261682242990654,0.4,0.5,0.7,-1.8,-1.0,0.8,2.4,2.8,4.2,3.8,0.7,1.3,0,0.4910138855780338,0.46346070879944856,1.8785305088095496,0.4855032502223168,0.6711809265889727,1,勝,67.11809265889727,1.0,,1.0,,ソフトバンク,-3.0,敗,勝,False,False,False,2025_oof_calibration
2025-08-31,2025,regular,ロッテ,0,ZOZOマリンスタジアム,松本 晴,小島 和哉,3.0,4.0,-1.0,0.2143,0.3334,0.8,0.0,8,108,0.6203703703703703,0.4,0.5,0.65,-1.2,-0.7,0.65,2.6,3.0,3.8,3.7,0.65,1.15,0,0.5121559557052755,0.6310315596529278,2.2123450414383004,0.535931076494806,0.637091838146075,1,勝,63.70918381460749,0.8,,0.8,,ソフトバンク,-1.8,敗,勝,False,False,False,2025_oof_calibration
2025-09-02,2025,regular,オリックス,1,PayPayドーム,モイネロ,宮城 大弥,2.0,1.0,1.0,0.2391,0.3334,2.496,1.0,9,109,0.6146788990825688,0.4,0.4,0.6,-1.2,-0.9,0.5,3.2,3.2,4.4,4.1,0.8,2.5,1,0.503994661126291,0.5380384356817618,1.2514266287490234,0.5108034160373852,0.6542947808550529,1,勝,65.4294780855053,0.6,,0.6,,ソフトバンク,0.4,勝,勝,True,True,False,2025_oof_calibration
2025-09-03,2025,regular,オリックス,1,PayPayドーム,大関 友久,寺西 成騎,7.0,1.0,6.0,0.119,0.1667,1.318,1.0,9,110,0.6181818181818182,0.6,0.4,0.6,0.4,-1.1,0.4,3.0,2.9,2.6,4.0,0.85,2.7,0,0.4345159095898479,0.7793821569902993,1.685499202747882,0.5034891590699382,0.6592189710068967,1,勝,65.92189710068968,1.7,,1.7,,ソフトバンク,4.3,勝,敗,False,True,False,2025_oof_calibration
2025-09-04,2025,regular,オリックス,1,PayPayドーム,上沢 直之,田嶋 大樹,8.0,0.0,8.0,0.5079,1.0,4.175,1.0,9,111,0.6216216216216216,0.6,0.4,0.6,1.2,-0.6,0.35,3.8,3.1,2.6,3.7,0.85,2.75,0,0.47926172156549646,0.7804768861396639,1.9378283471125095,0.53950475448033,0.6346070062778747,1,勝,63.46070062778747,0.8,,0.8,,ソフトバンク,7.2,勝,勝,True,True,False,2025_oof_calibration
2025-09-05,2025,regular,楽天,1,PayPayドーム,大津 亮介,古謝 樹,11.0,0.0,11.0,0.0055,0.6667,-0.028,1.0,9,112,0.625,0.6,0.5,0.65,2.4,0.3,0.9,4.8,3.6,2.4,3.3,0.5,-0.35,0,0.6446438013291257,0.8054646855776315,3.605977827839384,0.6768079781788269,0.5295888450667419,0,敗,47.04111549332581,1.4,,1.4,,ソフトバンク,9.6,勝,勝,True,False,False,2025_oof_calibration
2025-09-06,2025,regular,楽天,1,PayPayドーム,有原 航平,荘司 康誠,2.0,1.0,1.0,0.6415,0.0,6.794,1.0,9,113,0.6283185840707964,0.8,0.6,0.65,5.0,1.9,1.0,6.2,4.4,1.2,2.5,0.5,-0.1,0,0.6949214970432177,0.9265986193041731,1.9891388572608388,0.7412569214954088,0.4711756774227783,0,敗,52.882432257722165,1.0,,1.0,,ソフトバンク,0.0,分,勝,,False,False,2025_oof_calibration
2025-09-07,2025,regular,楽天,1,PayPayドーム,松本 晴,藤井 聖,2.0,4.0,-2.0,-0.1583,-0.3334,0.5,0.0,9,114,0.631578947368421,1.0,0.7,0.65,5.4,2.1,1.0,6.0,4.6,0.6,2.5,0.5,-0.15,0,0.6496395557074585,0.8138941709482514,3.0555446866509586,0.682490478755617,0.5247326311753431,0,敗,47.52673688246569,1.0,,1.0,,ソフトバンク,-3.0,敗,勝,False,True,False,2025_oof_calibration
2025-09-09,2025,regular,日本ハム,0,エスコンF,モイネロ,伊藤 大海,4.0,7.0,-3.0,0.1733,0.0,1.997,0.0,9,115,0.6260869565217392,0.8,0.7,0.6,4.8,2.6,0.75,6.0,4.5,1.2,1.9,0.55,0.0,1,0.44637022790088393,0.7226170629845574,0.9154529978287176,0.5016195949176186,0.6604719321222727,1,勝,66.04719321222727,0.4,,0.4,,ソフトバンク,-3.4,敗,勝,False,False,False,2025_oof_calibration
2025-09-11,2025,regular,ロッテ,0,ZOZOマリンスタジアム,大関 友久,種市 篤暉,1.0,9.0,-8.0,0.2946,0.0,2.755,0.0,9,116,0.6206896551724138,0.6,0.6,0.55,3.0,2.1,0.55,5.4,4.6,2.4,2.5,0.65,1.4,1,0.5454684527775904,0.7784933413810219,1.5186182621813413,0.5920734304982767,0.5967988673521444,0,敗,40.32011326478556,1.0,,1.0,,ソフトバンク,-9.0,敗,勝,False,True,False,2025_oof_calibration
2025-09-13,2025,regular,オリックス,0,京セラドーム大阪,上沢 直之,九里 亜蓮,2.0,1.0,1.0,-0.3636,0.0,-7.045,1.0,9,117,0.6153846153846154,0.4,0.5,0.5,-0.2,1.1,0.05,4.0,4.4,4.2,3.3,0.85,2.7,1,0.4434969799815463,0.9199823375149113,2.9433775751637667,0.5387940514882193,0.6351019619394134,1,勝,63.51019619394134,0.6,,0.6,,ソフトバンク,0.4,勝,勝,True,True,False,2025_oof_calibration
2025-09-14,2025,regular,オリックス,0,京セラドーム大阪,有原 航平,曽谷 龍平,4.0,3.0,1.0,0.3624,-0.3334,1.268,1.0,9,118,0.6186440677966102,0.4,0.6,0.55,-2.2,1.4,0.35,2.2,4.2,4.4,2.8,0.85,2.7,0,0.5368387938714269,0.8219270511339634,1.9700770259196512,0.5938564453239341,0.595471220932481,0,敗,40.45287790675191,0.5,,0.5,,ソフトバンク,0.5,勝,勝,True,False,False,2025_oof_calibration
2025-09-15,2025,regular,オリックス,0,京セラドーム大阪,大津 亮介,エスピノーザ,5.0,0.0,5.0,0.3426,1.0,5.281,1.0,9,119,0.6218487394957983,0.4,0.7,0.55,-2.2,1.6,0.35,2.6,4.3,4.8,2.7,0.85,2.55,0,0.6161865605011648,0.8556326077728839,2.9575537160822742,0.6640757699555087,0.5402906111307973,0,敗,45.970938886920266,0.4,,0.4,,ソフトバンク,4.6,勝,勝,True,False,False,2025_oof_calibration
2025-09-17,2025,regular,西武,1,PayPayドーム,モイネロ,武内 夏暉,11.0,8.0,3.0,0.2292,-0.3334,2.414,1.0,9,120,0.625,0.6,0.7,0.55,-0.8,2.0,0.45,3.2,4.6,4.0,2.6,0.65,1.6,1,0.6561070546256383,0.7129940980154266,1.7210700548986333,0.667484463303596,0.537449154090042,0,敗,46.2550845909958,1.7,,1.7,,ソフトバンク,1.3,勝,勝,True,False,False,2025_oof_calibration
2025-09-18,2025,regular,日本ハム,1,PayPayドーム,大関 友久,北山 亘基,3.0,2.0,1.0,-0.0114,-0.3334,1.092,1.0,9,121,0.628099173553719,0.8,0.7,0.55,0.4,1.7,0.55,4.6,5.0,4.2,3.3,0.55,-0.05,0,0.5698375680903814,0.6826659951634841,2.0512369815802787,0.592403253505002,0.5965535219846724,0,敗,40.344647801532766,0.0,,0,,ソフトバンク,1.0,勝,勝,True,False,False,2025_oof_calibration
2025-09-20,2025,regular,オリックス,1,PayPayドーム,上沢 直之,九里 亜蓮,4.0,5.0,-1.0,0.1522,0.5,-2.543,0.0,9,122,0.6311475409836066,1.0,0.7,0.6,2.2,1.0,0.65,5.0,4.5,2.8,3.5,0.85,2.55,1,0.4342592681578939,0.8517415620778449,3.1618826605719486,0.5177557269418841,0.649580494637221,1,勝,64.9580494637221,0.7,,0.7,,ソフトバンク,-1.7,敗,勝,False,False,False,2025_oof_calibration
2025-09-21,2025,regular,オリックス,1,PayPayドーム,有原 航平,佐藤 一磨,1.0,2.0,-1.0,0.1545,0.1667,1.123,0.0,9,123,0.6260162601626016,0.8,0.6,0.6,1.8,-0.2,0.85,5.4,3.8,3.6,4.0,0.8,2.45,0,0.47820321908020197,0.8410616178438679,2.2525989861549474,0.5507748988329352,0.6267042011146134,1,勝,62.67042011146135,1.4,,1.4,,ソフトバンク,-2.4,敗,勝,False,False,False,2025_oof_calibration
2025-09-22,2025,regular,オリックス,1,PayPayドーム,大津 亮介,エスピノーザ,0.0,1.0,-1.0,0.4071,1.0,5.607,0.0,9,124,0.6209677419354839,0.6,0.5,0.6,1.4,-0.4,0.85,4.8,3.7,3.4,4.1,0.75,2.3,0,0.5835789419884565,0.7886079863928889,2.225720151861296,0.624584750869343,0.5720560154355124,0,敗,42.794398456448754,1.3,,1.3,,ソフトバンク,-2.3,敗,勝,False,True,False,2025_oof_calibration
2025-09-23,2025,regular,オリックス,1,PayPayドーム,松本 晴,田嶋 大樹,0.0,1.0,-1.0,0.3375,0.0,3.647,0.0,9,125,0.616,0.4,0.5,0.6,0.2,-0.3,1.15,3.8,3.5,3.6,3.8,0.7,2.1,0,0.6235134816985556,0.8163683437838807,1.2727261272595585,0.6620844541156206,0.5419427573384428,0,敗,45.80572426615572,1.0,,1.0,,ソフトバンク,-2.0,敗,勝,False,True,False,2025_oof_calibration
2025-09-24,2025,regular,楽天,0,楽天モバイル,モイネロ,ヤフーレ,8.0,3.0,5.0,0.7347,0.6667,4.058,1.0,9,126,0.6111111111111112,0.2,0.5,0.55,-0.6,-0.1,1.0,1.6,3.1,2.2,3.2,0.5,-0.2,0,0.5557709317257986,0.7792948339009297,2.354793841051766,0.6004757121608248,0.5905138549153294,0,敗,40.94861450846706,1.6,,1.6,,ソフトバンク,3.4,勝,勝,True,False,False,2025_oof_calibration
2025-09-25,2025,regular,楽天,0,楽天モバイル,大関 友久,瀧中 瞭太,6.0,0.0,6.0,0.2889,0.0,1.546,1.0,9,127,0.6141732283464567,0.2,0.6,0.55,0.2,1.2,1.15,2.6,3.8,2.4,2.6,0.55,0.25,0,0.549991967735694,0.5012358475092598,1.4604146673444298,0.5402407436904072,0.6340940225095042,1,勝,63.40940225095042,1.7,,1.7,,ソフトバンク,4.3,勝,敗,False,True,False,2025_oof_calibration
2025-09-26,2025,regular,楽天,0,楽天モバイル,上沢 直之,古謝 樹,4.0,3.0,1.0,0.125,0.3334,1.25,1.0,9,128,0.6171875,0.4,0.6,0.6,1.6,1.7,1.55,3.0,4.2,1.4,2.5,0.6,0.6,0,0.5053305426944793,0.35443283889051735,1.4045745636377367,0.47515100193368687,0.6779769830862814,1,勝,67.79769830862814,1.7,,1.7,,ソフトバンク,-0.7,敗,敗,True,True,False,2025_oof_calibration
2025-09-27,2025,regular,西武,0,メットライフドーム,有原 航平,髙橋 光成,4.0,1.0,3.0,0.3929,0.3334,1.836,1.0,9,129,0.6201550387596899,0.6,0.6,0.65,2.0,1.7,1.65,3.6,4.2,1.6,2.5,0.7,2.05,0,0.5458698113182797,0.8769352633708237,1.863161437463737,0.6120829017287885,0.5817084697586578,0,敗,41.82915302413422,1.3,,1.3,,ソフトバンク,1.7,勝,勝,True,False,False,2025_oof_calibration
2025-09-30,2025,regular,日本ハム,1,PayPayドーム,伊藤 優輔,福島 蓮,1.0,2.0,-1.0,0.0,0.0,-2.833,0.0,9,130,0.6230769230769231,0.8,0.6,0.65,2.8,1.5,1.75,4.4,4.1,1.6,2.6,0.6,0.05,2,0.4515315642811786,0.916574392601136,0.7331830339819436,0.5445401299451701,0.6310887757433203,1,勝,63.108877574332034,,0.3,,0.3,日本ハム,-0.7,敗,勝,False,False,False,2025_oof_calibration
2025-10-03,2025,regular,オリックス,1,PayPayドーム,上沢 直之,佐藤 一磨,10.0,2.0,8.0,-0.36,-0.3333,-0.12,1.0,10,131,0.6183206106870229,0.8,0.5,0.6,2.8,1.1,1.4,4.6,3.1,1.8,2.0,0.65,2.0,2,0.5852473462877127,0.8021521662535647,-0.43727983373720125,0.6286283102808831,0.5688949316082506,0,敗,43.110506839174946,1.4,,1.4,,ソフトバンク,6.6,勝,敗,False,False,False,2025_oof_calibration
2025-10-05,2025,regular,ロッテ,0,ZOZOマリンスタジアム,有原 航平,小島 和哉,5.0,2.0,3.0,0.2741,0.0,1.869,1.0,10,132,0.6212121212121212,0.8,0.5,0.6,3.4,1.8,1.4,5.0,3.8,1.6,2.0,0.65,1.05,1,0.5260022621902368,0.48827369983813734,-0.062498746224001867,0.5184565497198169,0.6491034021032954,1,勝,64.91034021032954,1.2,,1.2,,ソフトバンク,1.8,勝,敗,False,True,False,2025_oof_calibration
2026-03-28,2026,regular,日本ハム,1,PayPayドーム,松本 晴,達 孝太,6.0,4.0,2.0,0.35,0.0,0.19,1.0,3,0,0.5,0.5,0.5,0.5,0.0,0.0,0.0,3.5,3.5,3.5,3.5,0.6,0.25,14,0.14561393749726187,0.4404947251161375,-4.762361423501127,0.20459009502103698,0.8434091197426732,1,勝,84.34091197426731,0.0,,0,,ソフトバンク,2.0,勝,敗,False,True,True,2026_final_test
2026-03-29,2026,regular,日本ハム,1,PayPayドーム,スチュワート・ジュニア,有原 航平,8.0,4.0,4.0,0.1667,0.0,0.68,1.0,3,1,1.0,1.0,1.0,1.0,2.0,2.0,2.0,6.0,6.0,4.0,4.0,0.65,0.4,0,0.4023707231472376,0.33607983038935235,2.2054678772035654,0.3891125445956605,0.7324171189349905,1,勝,73.24171189349904,,0.2,,0.2,日本ハム,4.2,勝,勝,True,True,True,2026_final_test
2026-03-31,2026,regular,楽天,0,楽天モバイル,大関 友久,前田 健太,4.0,2.0,2.0,0.1122,-0.1667,1.157,1.0,3,2,1.0,1.0,1.0,1.0,3.0,3.0,3.0,7.0,7.0,4.0,4.0,0.6,0.6,1,0.41889148673641147,0.30348710569107595,1.9741006777654084,0.3958106105273444,0.7282874376674435,1,勝,72.82874376674435,1.0,,1.0,,ソフトバンク,1.0,勝,勝,True,True,True,2026_final_test
2026-04-01,2026,regular,楽天,0,楽天モバイル,徐 若熙,古謝 樹,6.0,1.0,5.0,-0.4444,0.0,-1.556,1.0,4,3,1.0,1.0,1.0,1.0,2.6666666666666665,2.6666666666666665,2.6666666666666665,6.0,6.0,3.3333333333333335,3.3333333333333335,0.65,0.85,0,0.48503076597996214,0.3178655034141057,4.237794481046797,0.45159771346679084,0.6932185269109398,1,勝,69.32185269109398,1.0,,1.0,,ソフトバンク,4.0,勝,勝,True,True,False,2026_final_test
2026-04-02,2026,regular,楽天,0,楽天モバイル,大津 亮介,ウレーニャ,4.0,5.0,-1.0,0.0938,0.1667,1.625,0.0,4,4,1.0,1.0,1.0,1.0,3.25,3.25,3.25,6.0,6.0,2.75,2.75,0.7,1.15,0,0.4935499846726902,0.36361222315476255,3.237924643535454,0.46756243236910466,0.6829200085081034,1,勝,68.29200085081034,1.0,,1.0,,ソフトバンク,-2.0,敗,勝,False,False,False,2026_final_test
2026-04-03,2026,regular,ロッテ,0,ZOZOマリンスタジアム,上沢 直之,毛利 海大,2.0,3.0,-1.0,0.1452,0.1667,1.194,0.0,4,5,0.8,0.8,0.8,0.8,2.4,2.4,2.4,5.6,5.6,3.2,3.2,0.7,1.35,0,0.5205279220612427,0.40395007202926925,2.5076967225749534,0.497212352054848,0.6634166607488493,1,勝,66.34166607488493,1.4,,1.4,,ソフトバンク,-2.4,敗,勝,False,False,False,2026_final_test
2026-04-04,2026,regular,ロッテ,0,ZOZOマリンスタジアム,松本 晴,田中 晴也,5.0,2.0,3.0,0.381,0.3333,0.318,1.0,4,6,0.6666666666666666,0.6,0.6666666666666666,0.6666666666666666,1.8,1.8333333333333333,1.8333333333333333,4.8,5.0,3.0,3.1666666666666665,0.65,1.25,0,0.5221959118453285,0.7128843567722454,2.263613892619431,0.5603336008307119,0.6199191443104742,1,勝,61.99191443104743,1.0,,1.0,,ソフトバンク,2.0,勝,勝,True,True,False,2026_final_test
2026-04-05,2026,regular,ロッテ,0,ZOZOマリンスタジアム,スチュワート・ジュニア,小島 和哉,4.0,3.0,1.0,0.3467,-0.1667,1.808,1.0,4,7,0.7142857142857143,0.6,0.7142857142857143,0.7142857142857143,1.6,2.0,2.0,4.2,5.0,2.6,3.0,0.65,1.0,0,0.5660296712723613,0.7831629462999392,1.8182780037981603,0.6094563262778768,0.583713882042071,0,敗,41.6286117957929,1.3,,1.3,,ソフトバンク,-0.30000000000000004,敗,勝,False,False,False,2026_final_test
2026-04-07,2026,regular,西武,1,PayPayドーム,大関 友久,隅田 知一郎,6.0,8.0,-2.0,0.3473,0.3334,2.628,0.0,4,8,0.75,0.6,0.75,0.75,1.4,1.875,1.875,4.2,4.875,2.8,3.0,0.75,2.35,1,0.5871847179466039,0.5950393512984563,1.9060562459207024,0.5887556446169744,0.5992607736185347,0,敗,40.07392263814653,1.4,,1.4,,ソフトバンク,-3.4,敗,勝,False,True,False,2026_final_test
2026-04-08,2026,regular,西武,1,PayPayドーム,徐 若熙,髙橋 光成,1.0,2.0,-1.0,0.3,0.1667,2.7,0.0,4,9,0.6666666666666666,0.4,0.6666666666666666,0.6666666666666666,0.0,1.4444444444444444,1.4444444444444444,4.2,5.0,4.2,3.5555555555555554,0.7,1.75,0,0.6552241251150555,0.563377951069394,1.811512732114423,0.6368548903059231,0.5624022593122433,0,敗,43.75977406877567,1.7,,1.7,,ソフトバンク,-2.7,敗,勝,False,True,False,2026_final_test
2026-04-09,2026,regular,西武,1,PayPayドーム,大津 亮介,菅井 信也,2.0,0.0,2.0,0.0758,0.1667,3.045,1.0,4,10,0.6,0.4,0.6,0.6,0.0,1.2,1.2,3.6,4.6,3.6,3.4,0.7,1.75,0,0.6327290807249762,0.528545253600216,1.516394753745879,0.6118923153000242,0.581854241783981,0,敗,41.8145758216019,1.5,,1半2,,ソフトバンク,0.5,勝,勝,True,False,False,2026_final_test
2026-04-11,2026,regular,日本ハム,0,エスコンF,上沢 直之,伊藤 大海,6.0,3.0,3.0,0.0,-0.6667,0.437,1.0,4,11,0.6363636363636364,0.6,0.6,0.6363636363636364,0.6,1.2,1.2727272727272727,3.6,4.2,3.0,3.0,0.65,0.45,1,0.3146302775800863,0.6397813402070534,-0.3672429637308632,0.3796604901054797,0.7382202110470345,1,勝,73.82202110470345,,0.2,,0.2,日本ハム,3.2,勝,敗,False,True,True,2026_final_test
2026-04-12,2026,regular,日本ハム,0,エスコンF,松本 晴,有原 航平,11.0,7.0,4.0,0.4091,0.6667,3.478,1.0,4,12,0.6666666666666666,0.6,0.6,0.6666666666666666,0.6,1.1,1.4166666666666667,3.8,4.0,3.2,2.9,0.7,0.65,0,0.34077934765207685,0.5477650352882224,1.0506708392994035,0.3821764851793059,0.7366782165263769,1,勝,73.66782165263768,,0.0,,0,日本ハム,4.0,勝,勝,True,True,True,2026_final_test
2026-04-14,2026,regular,楽天,1,PayPayドーム,スチュワート・ジュニア,荘司 康誠,2.0,3.0,-1.0,0.6923,1.0,5.315,0.0,4,13,0.6923076923076923,0.6,0.6,0.6923076923076923,1.2,1.3,1.6153846153846154,5.2,4.7,4.0,3.4,0.7,1.3,1,0.5501513481664445,0.46207797078387425,2.4953124588116804,0.5325366726899304,0.6394428905877119,1,勝,63.94428905877119,1.0,,1.0,,ソフトバンク,-2.0,敗,勝,False,False,False,2026_final_test
2026-04-15,2026,regular,楽天,1,PayPayドーム,大関 友久,古謝 樹,2.0,3.0,-1.0,0.2078,0.6667,2.013,0.0,4,14,0.6428571428571429,0.6,0.5,0.6428571428571429,1.4,0.7,1.4285714285714286,4.4,4.3,3.0,3.6,0.65,1.2,0,0.52554887909737,0.5894064356063982,3.0184039949580685,0.5383203903991757,0.635431614703728,1,勝,63.5431614703728,1.4,,1.4,,ソフトバンク,-2.4,敗,勝,False,False,False,2026_final_test
2026-04-16,2026,regular,楽天,1,北九州,大津 亮介,藤原 聡大,6.0,0.0,6.0,0.0882,0.1667,1.559,1.0,4,15,0.6,0.6,0.5,0.6,1.4,0.7,1.2666666666666666,4.6,4.1,3.2,3.4,0.6,1.1,0,0.5298134670650614,0.45371234207214145,2.5365165976600723,0.5145932420664774,0.6517290979993948,1,勝,65.17290979993948,1.7,,1.7,,ソフトバンク,4.3,勝,勝,True,True,False,2026_final_test
2026-04-17,2026,regular,オリックス,1,PayPayドーム,徐 若熙,髙島 泰都,4.0,13.0,-9.0,-0.1667,-0.1667,0.667,0.0,4,16,0.625,0.6,0.6,0.625,2.2,1.4,1.5625,5.4,4.5,3.2,3.1,0.65,2.2,0,0.6073611920455034,0.7094710282626182,1.4713213087522545,0.6277831592889264,0.5695572567330304,0,敗,43.044274326696964,1.4,,1.4,,ソフトバンク,-10.4,敗,勝,False,True,False,2026_final_test
2026-04-18,2026,regular,オリックス,1,PayPayドーム,上沢 直之,九里 亜蓮,7.0,0.0,7.0,-0.0303,0.0,-1.485,1.0,4,17,0.5882352941176471,0.4,0.5,0.5882352941176471,-0.2,0.2,0.9411764705882353,5.0,4.4,5.2,4.2,0.6,1.25,0,0.6478012081841332,0.8894135325706377,2.461859331956215,0.6961236730614341,0.5128689838318793,0,敗,48.71310161681207,1.2,,1.2,,ソフトバンク,5.8,勝,勝,True,False,False,2026_final_test
2026-04-19,2026,regular,オリックス,1,PayPayドーム,松本 晴,ジェリー,1.0,2.0,-1.0,-0.0652,0.5,-0.333,0.0,4,18,0.6111111111111112,0.4,0.5,0.6111111111111112,0.4,0.8,1.2777777777777777,4.2,4.7,3.8,3.9,0.65,1.85,0,0.6662690841857712,0.885923338995897,2.7429952558868838,0.7101999351477964,0.5002848596485833,0,敗,49.971514035141674,1.0,,1.0,,ソフトバンク,-2.0,敗,勝,False,True,False,2026_final_test
2026-04-21,2026,regular,西武,0,メットライフドーム,スチュワート・ジュニア,隅田 知一郎,4.0,6.0,-2.0,0.3334,0.3334,1.917,0.0,4,19,0.5789473684210527,0.4,0.5,0.5789473684210527,0.4,0.9,1.1578947368421053,4.0,4.2,3.6,3.3,0.75,1.9,1,0.516879186706896,0.7270489278562644,1.484493245658065,0.5589131349367698,0.6209323663373852,1,勝,62.09323663373853,0.8,,0.8,,ソフトバンク,-2.8,敗,勝,False,False,False,2026_final_test
2026-04-22,2026,regular,西武,0,メットライフドーム,大関 友久,髙橋 光成,1.0,3.0,-2.0,0.2629,0.0,1.907,0.0,4,20,0.55,0.4,0.5,0.55,0.2,0.8,1.0,4.4,4.5,4.2,3.7,0.7,1.7,0,0.5439338653033716,0.7112293390895554,1.55044263581255,0.5773929600606084,0.6076102510201546,1,勝,60.761025102015466,0.7,,0.7,,ソフトバンク,-2.7,敗,勝,False,False,False,2026_final_test
2026-04-23,2026,regular,西武,0,メットライフドーム,大津 亮介,菅井 信也,4.0,3.0,1.0,0.2667,0.3334,3.353,1.0,4,21,0.5238095238095238,0.2,0.4,0.5,-1.4,0.4,0.8,3.4,4.4,4.8,4.0,0.65,1.5,0,0.6381931722807381,0.7485779065771347,1.8892331500282613,0.6602701191400174,0.5434431218962457,0,敗,45.65568781037543,1.6,,1.6,,ソフトバンク,-0.6000000000000001,敗,勝,False,False,False,2026_final_test
2026-04-25,2026,regular,ロッテ,1,熊本,上沢 直之,種市 篤暉,0.0,5.0,-5.0,0.2185,0.0,1.353,0.0,4,22,0.5454545454545454,0.4,0.4,0.5,0.6,0.2,0.65,3.4,4.2,2.8,4.0,0.65,1.0,1,0.5130043185351644,0.5858219861046208,1.412268513052754,0.5275678520490557,0.6428686982368355,1,勝,64.28686982368355,1.2,,1.2,,ソフトバンク,-6.2,敗,勝,False,False,False,2026_final_test
2026-04-28,2026,regular,オリックス,0,京セラドーム大阪,松本 晴,ジェリー,7.0,1.0,6.0,-0.5833,-0.3333,-1.36,1.0,4,23,0.5217391304347826,0.2,0.3,0.45,-1.8,-0.7,0.3,2.0,3.1,3.8,3.8,0.6,1.5,2,0.6368103188903863,0.8833321067237321,2.110738567459177,0.6861146764570555,0.5216086498832082,0,敗,47.839135011679176,0.3,,0.3,,ソフトバンク,5.7,勝,勝,True,False,False,2026_final_test
2026-04-29,2026,regular,オリックス,0,京セラドーム大阪,大関 友久,田嶋 大樹,4.0,5.0,-1.0,0.4182,-0.3333,4.351,0.0,4,24,0.5416666666666666,0.4,0.4,0.45,-0.4,0.0,0.35,3.2,3.6,3.6,3.6,0.65,2.2,0,0.6190657471892137,0.8090899233469427,1.7186564594085776,0.6570705824207594,0.5460776274862084,0,敗,45.392237251379164,0.3,,0.3,,ソフトバンク,-1.3,敗,勝,False,True,False,2026_final_test
2026-05-01,2026,regular,楽天,1,PayPayドーム,上沢 直之,古謝 樹,4.0,1.0,3.0,0.1741,0.3334,1.898,1.0,5,25,0.52,0.4,0.4,0.45,-0.2,0.0,0.35,3.2,3.8,3.4,3.8,0.65,1.55,1,0.40152595888686143,0.6800695336085267,2.1163090922164773,0.4572346738311945,0.6895972883638275,1,勝,68.95972883638275,1.3,,1.3,,ソフトバンク,1.7,勝,勝,True,True,False,2026_final_test
2026-05-02,2026,regular,楽天,1,PayPayドーム,大津 亮介,ウレーニャ,5.0,0.0,5.0,-0.3889,0.0,0.667,1.0,5,26,0.5384615384615384,0.6,0.4,0.5,0.8,-0.3,0.55,3.8,3.6,3.0,3.9,0.7,1.85,0,0.30722576831215226,0.7320906892731885,2.1061458173079313,0.3921987525043595,0.7305161779368161,1,勝,73.05161779368161,1.5,,1.5,,ソフトバンク,3.5,勝,勝,True,True,True,2026_final_test
2026-05-03,2026,regular,楽天,1,PayPayドーム,前田 悠伍,早川 隆久,0.0,7.0,-7.0,0.2667,0.3334,1.933,0.0,5,27,0.5555555555555556,0.6,0.5,0.5,1.6,1.1,0.65,4.0,3.7,2.4,2.6,0.75,2.45,0,0.3452753034559694,0.7036256339940641,1.6462999116905976,0.4169453695635883,0.7151524278061698,1,勝,71.51524278061699,0.8,,0.8,,ソフトバンク,-7.8,敗,勝,False,False,True,2026_final_test
2026-05-04,2026,regular,西武,0,メットライフドーム,徐 若熙,菅井 信也,2.0,10.0,-8.0,0.0,0.3333,-0.25,0.0,5,28,0.5357142857142857,0.6,0.4,0.45,1.2,-0.3,0.25,4.0,3.0,2.8,3.3,0.65,1.05,0,0.3864236037347205,0.8850525436259712,3.17743472317363,0.4861493917129706,0.6707546572496849,1,勝,67.07546572496848,0.8,,0.8,,ソフトバンク,-8.8,敗,勝,False,False,False,2026_final_test
2026-05-05,2026,regular,西武,0,メットライフドーム,松本 晴,渡邉 勇太朗,6.0,4.0,2.0,0.2971,0.6667,3.028,1.0,5,29,0.5172413793103449,0.4,0.4,0.45,-1.6,-1.0,-0.05,3.0,3.1,4.6,4.1,0.65,0.95,0,0.45249821247835875,0.6044085502345402,3.3988812203821426,0.48288028002959504,0.6729087839541775,1,勝,67.29087839541775,0.8,,0.8,,ソフトバンク,1.2,勝,勝,True,True,False,2026_final_test
2026-05-06,2026,regular,西武,0,メットライフドーム,大関 友久,髙橋 光成,2.0,10.0,-8.0,0.1455,-0.6667,1.411,0.0,5,30,0.5333333333333333,0.6,0.5,0.5,-1.0,-0.6,0.1,3.4,3.3,4.4,3.9,0.65,0.8,0,0.39632363087720335,0.8734992279863428,2.0984219397415957,0.4917587502990312,0.6670434551149284,1,勝,66.70434551149283,0.3,,0.3,,ソフトバンク,-8.3,敗,勝,False,False,False,2026_final_test
2026-05-08,2026,regular,ロッテ,1,PayPayドーム,上沢 直之,廣池 康志郎,6.0,5.0,1.0,0.1389,0.1667,1.222,1.0,5,31,0.5161290322580645,0.4,0.5,0.45,-3.2,-1.2,-0.4,3.0,3.4,6.2,4.6,0.6,0.5,1,0.4937566451251427,0.8517963624612261,2.8424504786821316,0.5653645885923594,0.6163163510287072,1,勝,61.63163510287072,1.6,,1.6,,ソフトバンク,-0.6000000000000001,敗,勝,False,True,False,2026_final_test
2026-05-09,2026,regular,ロッテ,1,PayPayドーム,大津 亮介,田中 晴也,4.0,5.0,-1.0,0.6216,1.0,3.757,0.0,5,32,0.53125,0.4,0.5,0.45,-4.0,-1.2,-0.5,3.2,3.6,7.2,4.8,0.6,0.45,0,0.5607376299361486,0.7785583464732534,3.98398971366155,0.6043017732435696,0.5876274359783397,0,敗,41.23725640216603,1.5,,1.5,,ソフトバンク,-2.5,敗,勝,False,True,False,2026_final_test
2026-05-10,2026,regular,ロッテ,1,PayPayドーム,前田 悠伍,毛利 海大,8.0,3.0,5.0,-0.5,-0.6667,-2.5,1.0,5,33,0.5151515151515151,0.4,0.5,0.4,-2.8,-0.8,-0.75,4.0,4.0,6.8,4.8,0.55,0.25,0,0.5298801451301881,0.7353403316087864,2.8930111430472856,0.5709721824259077,0.6122740709405017,1,勝,61.227407094050164,1.2,,1.2,,ソフトバンク,3.8,勝,勝,True,True,False,2026_final_test
2026-05-12,2026,regular,西武,1,PayPayドーム,松本 晴,渡邉 勇太朗,0.0,3.0,-3.0,0.3365,0.6667,2.963,0.0,5,34,0.5294117647058824,0.6,0.5,0.45,-0.2,-0.9,-0.45,5.2,4.1,5.4,5.0,0.65,0.5,1,0.41940726075789947,0.78397258930112,3.2593962752468237,0.49232032646654356,0.6666708495616503,1,勝,66.66708495616504,1.2,,1.2,,ソフトバンク,-4.2,敗,勝,False,False,False,2026_final_test
2026-05-13,2026,regular,西武,1,PayPayドーム,藤原 大翔,髙橋 光成,1.0,2.0,-1.0,0.0,-0.5,-0.625,0.0,5,35,0.5142857142857142,0.4,0.5,0.45,-1.2,-1.1,-0.55,4.0,3.7,5.2,4.8,0.6,0.1,0,0.477522126804799,0.523161230283338,2.7086869456626985,0.48664994750050683,0.6704242607843445,1,勝,67.04242607843445,,0.2,,0.2,西武,-0.8,敗,勝,False,False,False,2026_final_test
2026-05-15,2026,regular,楽天,0,楽天モバイル,上沢 直之,早川 隆久,3.0,6.0,-3.0,0.1486,0.0,1.383,0.0,5,36,0.5,0.4,0.4,0.4,0.2,-1.5,-0.9,3.8,3.4,3.6,4.9,0.7,2.0,1,0.16525371813474393,0.649810044802258,1.6943493134451595,0.2621649834682467,0.8088618722857864,1,勝,80.88618722857865,0.4,,0.4,,ソフトバンク,-3.4,敗,勝,False,False,True,2026_final_test
2026-05-16,2026,regular,楽天,0,楽天モバイル,スチュワート・ジュニア,古謝 樹,3.0,4.0,-1.0,0.2262,0.0,1.572,0.0,5,37,0.4864864864864865,0.2,0.3,0.4,-0.6,-2.3,-0.6,3.2,3.2,3.8,5.5,0.65,1.75,0,0.19600960472074222,0.6197782056705972,1.9747761192499982,0.2807633249107132,0.7977698664269406,1,勝,79.77698664269406,0.4,,0.4,,ソフトバンク,-1.4,敗,勝,False,False,True,2026_final_test
2026-05-17,2026,regular,楽天,0,楽天モバイル,前田 悠伍,藤井 聖,5.0,1.0,4.0,-0.0667,-0.3334,0.244,1.0,5,38,0.47368421052631576,0.2,0.3,0.35,-0.6,-1.7,-1.0,3.0,3.5,3.6,5.2,0.6,1.55,0,0.2427734937777657,0.39607156064905336,2.017571556834259,0.27343310715202324,0.8021411484748551,1,勝,80.2141148474855,0.4,,0.4,,ソフトバンク,3.6,勝,勝,True,True,True,2026_final_test
2026-05-19,2026,regular,オリックス,0,京セラドーム大阪,大津 亮介,九里 亜蓮,1.0,2.0,-1.0,0.1053,0.3334,1.434,0.0,5,39,0.48717948717948717,0.2,0.4,0.4,-0.8,-0.5,-0.75,2.4,3.8,3.2,4.3,0.6,1.75,1,0.5762365535715119,0.914641314569359,3.5971171527404,0.6439175057710813,0.5567603120942823,0,敗,44.32396879057177,0.5,,0.5,,ソフトバンク,-1.5,敗,勝,False,True,False,2026_final_test
2026-05-20,2026,regular,オリックス,0,京セラドーム大阪,藤原 大翔,エスピノーザ,3.0,8.0,-5.0,-0.3333,-0.3333,2.286,0.0,5,40,0.475,0.2,0.3,0.4,-0.4,-0.8,-0.7,2.6,3.3,3.0,4.1,0.55,1.65,0,0.5968468224870725,0.9054826631683377,2.7586622587550504,0.6585739906233256,0.5448415114578018,0,敗,45.51584885421982,,0.3,,0.3,オリックス,-4.7,敗,勝,False,True,False,2026_final_test
2026-05-22,2026,regular,日本ハム,1,PayPayドーム,前田 純,達 孝太,10.0,0.0,10.0,0.4545,0.3333,1.635,1.0,5,41,0.4634146341463415,0.2,0.3,0.4,-1.2,-0.5,-0.85,3.0,3.4,4.2,3.9,0.7,0.8,1,0.32922010651941747,0.6374860508039587,0.32548189932511906,0.39087329537632565,0.7313329727985578,1,勝,73.13329727985578,0.0,,0,,ソフトバンク,10.0,勝,勝,True,True,True,2026_final_test
2026-05-23,2026,regular,日本ハム,1,PayPayドーム,松本 晴,細野 晴希,11.0,1.0,10.0,-0.0556,0.1667,-0.143,1.0,5,42,0.47619047619047616,0.4,0.3,0.4,1.4,0.4,-0.4,4.4,3.8,3.0,3.4,0.75,1.45,0,0.2727159776496362,0.6949326819560668,0.03899428726301957,0.3571593185109223,0.7519315005902045,1,勝,75.19315005902045,0.2,,0.2,,ソフトバンク,9.8,勝,敗,False,True,True,2026_final_test
2026-05-24,2026,regular,日本ハム,1,PayPayドーム,前田 悠伍,北山 亘基,7.0,6.0,1.0,0.0667,0.0,-0.1,1.0,5,43,0.4883720930232558,0.6,0.4,0.45,3.6,1.5,0.35,6.0,4.5,2.4,3.0,0.75,1.9,0,0.24301660919275617,0.7136878472719744,-0.7035172889778252,0.3371508568085998,0.7640213359412654,1,勝,76.40213359412654,0.0,,0,,ソフトバンク,1.0,勝,敗,False,True,True,2026_final_test
2026-05-26,2026,interleague,巨人,0,東京ドーム,大津 亮介,則本 昂大,8.0,3.0,5.0,0.0897,-0.1667,1.615,1.0,5,44,0.5,0.6,0.4,0.45,3.0,1.1,0.1,6.4,4.4,3.4,3.3,0.4,-0.2,1,0.4055599333087016,0.7495522519001926,1.1126167820374602,0.4743583970269998,0.6784947698633226,1,勝,67.84947698633226,1.2,,1.2,,ソフトバンク,3.8,勝,敗,False,True,False,2026_final_test
2026-05-27,2026,interleague,巨人,0,東京ドーム,アルメンタ,戸郷 翔征,1.0,5.0,-4.0,0.5,0.5,5.0,0.0,5,45,0.5111111111111111,0.8,0.5,0.5,4.2,1.9,0.4,7.8,5.2,3.6,3.3,0.5,0.6666666666666666,0,0.35534516461438487,0.3070722602283361,1.2024634371432874,0.3456905837371751,0.7588716320957178,1,勝,75.88716320957178,0.6,,0.6,,ソフトバンク,-4.6,敗,勝,False,False,True,2026_final_test
2026-05-28,2026,interleague,巨人,0,東京ドーム,スチュワート・ジュニア,田中 将大,8.0,4.0,4.0,0.1207,-0.5,0.6,1.0,5,46,0.5,0.8,0.5,0.45,4.4,1.6,0.05,7.4,5.2,3.0,3.6,0.42857142857142855,0.0,0,0.34643189700108873,0.6586982739026249,1.3438134584401602,0.40888517238139593,0.7201813864231895,1,勝,72.01813864231895,0.3,,0.3,,ソフトバンク,3.7,勝,勝,True,True,True,2026_final_test
2026-05-29,2026,interleague,広島,1,PayPayドーム,大関 友久,玉村 昇悟,2.0,0.0,2.0,0.5636,0.0,2.825,1.0,5,47,0.5106382978723404,0.8,0.6,0.45,3.2,2.3,0.0,7.0,5.7,3.8,3.4,0.8333333333333334,2.8333333333333335,0,0.36182441209163646,0.6375673571855097,0.8924784114100464,0.41697300111041113,0.7151351440150647,1,勝,71.51351440150647,1.7,,1.7,,ソフトバンク,0.30000000000000004,勝,敗,False,True,True,2026_final_test
2026-05-30,2026,interleague,広島,1,PayPayドーム,前田 純,森下 暢仁,4.0,2.0,2.0,0.5,0.3333,5.071,1.0,5,48,0.5208333333333334,0.8,0.7,0.5,1.6,2.6,0.45,5.2,5.6,3.6,3.0,0.8571428571428571,2.7142857142857144,0,0.43231738896442473,0.5857490188953702,1.1494819661676803,0.4630037149506138,0.6858743352449046,1,勝,68.58743352449046,1.5,,1.5,,ソフトバンク,0.5,勝,敗,False,True,False,2026_final_test
2026-05-31,2026,interleague,広島,1,PayPayドーム,徐 若熙,岡本 駿,3.0,1.0,2.0,-0.3,-0.5,-3.0,1.0,5,49,0.5306122448979592,0.8,0.7,0.55,1.8,2.4,0.95,4.6,5.5,2.8,3.1,0.875,2.625,0,0.35579670374148825,0.8374504117292322,1.1509957920299034,0.452127445339037,0.6928789010514281,1,勝,69.28789010514281,1.3,,1.3,,ソフトバンク,0.7,勝,敗,False,True,False,2026_final_test
2026-06-02,2026,interleague,中日,0,ナゴヤドーム,大津 亮介,マラー,3.0,0.0,3.0,0.1,-0.1667,1.7,1.0,6,50,0.54,0.8,0.8,0.55,1.2,2.7,0.95,3.6,5.7,2.4,3.0,0.8333333333333334,2.6666666666666665,1,0.5397881124108684,0.8403499376148149,0.9680249278394475,0.5999004774516578,0.5909464764589263,0,敗,40.90535235410737,1.0,,1.0,,ソフトバンク,2.0,勝,敗,False,False,False,2026_final_test
2026-06-04,2026,interleague,中日,0,ナゴヤドーム,スチュワート・ジュニア,金丸 夢斗,2.0,1.0,1.0,0.6333,0.3333,4.71,1.0,6,51,0.5490196078431373,1.0,0.9,0.6,2.6,3.5,1.5,4.0,5.7,1.4,2.2,0.8571428571428571,2.7142857142857144,1,0.5345518391363772,0.5694237032088916,0.8515939690413582,0.54152621195088,0.6331970277126665,1,勝,63.31970277126665,0.4,,0.4,,ソフトバンク,0.6,勝,勝,True,True,False,2026_final_test
2026-06-05,2026,interleague,DeNA,0,横浜スタジアム,大関 友久,篠木 健太郎,3.0,8.0,-5.0,0.0714,-0.1667,0.845,0.0,6,52,0.5576923076923077,1.0,0.9,0.6,2.0,2.6,1.5,2.8,4.9,0.8,2.3,0.8333333333333334,2.6666666666666665,0,0.5008433596837533,0.4720351811301743,2.1063996573772767,0.4950817239730375,0.664835808348985,1,勝,66.4835808348985,1.2,,1.2,,ソフトバンク,-6.2,敗,勝,False,False,False,2026_final_test
2026-06-06,2026,interleague,DeNA,0,横浜スタジアム,前田 悠伍,庄司 陽斗,6.0,3.0,3.0,0.2143,0.5,0.571,1.0,6,53,0.5471698113207547,0.8,0.8,0.6,0.6,1.1,1.3,3.0,4.1,2.4,3.0,0.7142857142857143,1.5714285714285714,0,0.5712387703131989,0.5843882040265045,3.5219169069543588,0.57386865705586,0.6101749131577676,1,勝,61.01749131577676,0.8,,0.8,,ソフトバンク,2.2,勝,勝,True,True,False,2026_final_test
2026-06-07,2026,interleague,DeNA,0,横浜スタジアム,徐 若熙,尾形 崇斗,4.0,2.0,2.0,-0.1667,-0.1667,-2.167,1.0,6,54,0.5555555555555556,0.8,0.8,0.6,0.8,1.3,1.2,3.4,4.0,2.6,2.7,0.75,1.75,0,0.5315014292258485,0.6594919175637312,2.7392443240487387,0.557099526893425,0.6222234896924186,1,勝,62.22234896924186,0.3,,0.3,,ソフトバンク,1.7,勝,勝,True,True,False,2026_final_test
2026-06-09,2026,interleague,阪神,1,PayPayドーム,大津 亮介,才木 浩人,10.0,4.0,6.0,0.1098,0.1667,0.732,1.0,6,55,0.5636363636363636,0.8,0.8,0.65,0.8,1.0,1.45,3.6,3.6,2.8,2.6,0.6666666666666666,0.5,1,0.6000949409929988,0.8403713756082087,1.8041036234575802,0.6481502279160407,0.5533479537513145,0,敗,44.66520462486855,0.3,,0.3,,ソフトバンク,5.7,勝,勝,True,False,False,2026_final_test
2026-06-10,2026,interleague,阪神,1,PayPayドーム,松本 晴,大竹 耕太郎,6.0,2.0,4.0,-0.0357,0.1667,-0.793,1.0,6,56,0.5714285714285714,0.8,0.9,0.7,1.4,2.0,1.8,5.0,4.5,3.6,2.5,0.7142857142857143,1.2857142857142858,0,0.5995389413056218,0.764296643129824,1.5700192336169474,0.6324904816704622,0.565857187044668,0,敗,43.4142812955332,0.3,,0.3,,ソフトバンク,3.7,勝,勝,True,False,False,2026_final_test
2026-06-11,2026,interleague,阪神,1,PayPayドーム,スチュワート・ジュニア,伊藤 将司,3.0,2.0,1.0,0.6452,0.6667,3.719,1.0,6,57,0.5789473684210527,0.8,0.9,0.75,2.0,2.0,2.15,5.8,4.3,3.8,2.3,0.75,1.625,0,0.5851279571030472,0.699711371755638,0.932449723648672,0.6080446400335654,0.5847885717185327,0,敗,41.52114282814673,0.2,,0.2,,ソフトバンク,0.8,勝,勝,True,False,False,2026_final_test
2026-06-12,2026,interleague,ヤクルト,1,PayPayドーム,前田 純,吉村 貢司郎,2.0,4.0,-2.0,0.5385,0.6667,5.466,0.0,6,58,0.5862068965517241,1.0,0.9,0.8,3.2,1.9,2.25,5.8,4.4,2.6,2.5,0.5,0.5,0,0.6606725851699073,0.7283100111737043,1.9752208793712334,0.6742000703706666,0.53180073472461,0,敗,46.819926527539,1.3,,1.3,,ソフトバンク,-3.3,敗,勝,False,True,False,2026_final_test
2026-06-13,2026,interleague,ヤクルト,1,PayPayドーム,前田 悠伍,山野 太一,8.0,1.0,7.0,-0.25,0.0,-2.625,1.0,6,59,0.576271186440678,0.8,0.8,0.75,2.2,1.5,1.95,5.0,4.2,2.8,2.7,0.42857142857142855,0.14285714285714285,0,0.6901765131315472,0.8722818045937781,2.5501986586174183,0.7265975714239934,0.4851598141267559,0,敗,51.48401858732441,0.8,,0.8,,ソフトバンク,6.2,勝,勝,True,False,False,2026_final_test
2026-06-14,2026,interleague,ヤクルト,1,PayPayドーム,アルメンタ,奥川 恭伸,0.0,4.0,-4.0,-0.5,-0.5,-4.0,0.0,6,60,0.5833333333333334,0.8,0.8,0.8,3.2,2.0,2.35,5.8,4.7,2.6,2.7,0.5,1.0,0,0.6266150835650314,0.9026961579027022,1.2738900218268778,0.6818312984325655,0.5252985693017704,0,敗,47.47014306982295,1.2,,1.2,,ソフトバンク,-5.2,敗,勝,False,True,False,2026_final_test
2026-06-19,2026,regular,日本ハム,0,エスコンF,大津 亮介,伊藤 大海,3.0,4.0,-1.0,0.0308,0.3333,1.362,0.0,6,61,0.5737704918032787,0.6,0.7,0.8,1.2,1.3,2.4,3.8,4.4,2.6,3.1,0.75,1.9,4,0.28026268278369115,0.7915104247892635,-1.363849726668605,0.3825122311848056,0.7364723002403796,1,勝,73.64723002403795,0.3,,0.3,,ソフトバンク,-1.3,敗,敗,True,False,True,2026_final_test
2026-06-20,2026,regular,日本ハム,0,エスコンF,スチュワート・ジュニア,孫 易磊,10.0,7.0,3.0,0.6562,1.0,2.727,1.0,6,62,0.5645161290322581,0.4,0.6,0.75,0.2,1.1,1.85,3.2,4.5,3.0,3.4,0.7,1.8,0,0.433664916616308,0.5817460099284192,0.7605009199426254,0.46328113527873027,0.6856948672238283,1,勝,68.56948672238283,,0.2,,0.2,日本ハム,3.2,勝,勝,True,True,False,2026_final_test
2026-06-21,2026,regular,日本ハム,0,エスコンF,前田 悠伍,柴田 獅子,8.0,0.0,8.0,0.2778,0.5,1.556,1.0,6,63,0.5714285714285714,0.4,0.7,0.75,0.6,1.9,1.5,4.6,5.2,4.0,3.3,0.7,1.8,0,0.4583508186272642,0.7576198666498973,0.27219117887529465,0.5182046282317908,0.6492749402897963,1,勝,64.92749402897962,,0.0,,0,日本ハム,8.0,勝,勝,True,True,False,2026_final_test
2026-06-23,2026,regular,オリックス,1,PayPayドーム,上沢 直之,ジェリー,0.0,5.0,-5.0,0.1316,0.1667,3.605,0.0,6,64,0.578125,0.6,0.7,0.75,2.6,2.4,1.85,5.8,5.4,3.2,3.0,0.55,1.6,1,0.8103958952997247,0.7606004151353789,1.4051105982372478,0.8004367992668555,0.4093578569914401,0,敗,59.06421430085599,0.8,,0.8,,ソフトバンク,-5.8,敗,勝,False,True,False,2026_final_test
2026-06-24,2026,regular,オリックス,1,PayPayドーム,中村 稔弥,田嶋 大樹,8.0,5.0,3.0,0.2692,-0.1667,3.0,1.0,6,65,0.5692307692307692,0.4,0.6,0.7,0.2,1.7,1.35,4.2,5.0,4.0,3.3,0.5,0.95,0,0.866941028194739,0.7777764022521573,1.8798175486893602,0.8491081030062226,0.3499248491118036,0,敗,65.00751508881963,0.5,,0.5,,ソフトバンク,2.5,勝,勝,True,False,False,2026_final_test
2026-06-25,2026,regular,オリックス,1,PayPayドーム,前田 純,髙島 泰都,5.0,2.0,3.0,-0.5,-0.3333,-8.062,1.0,6,66,0.5757575757575758,0.6,0.6,0.75,1.6,1.4,1.7,5.8,4.8,4.2,3.4,0.5,1.0,0,0.7696618094520646,0.912647164046067,2.9356926807643102,0.7982588803708651,0.4118108471370033,0,敗,58.81891528629968,0.9,,0.9,,ソフトバンク,2.1,勝,勝,True,False,False,2026_final_test
2026-06-30,2026,regular,西武,1,東京ドーム,上沢 直之,平良 海馬,6.0,0.0,6.0,0.1154,-0.1667,0.949,1.0,6,67,0.582089552238806,0.8,0.6,0.75,2.4,1.3,1.65,6.2,4.7,3.8,3.4,0.6,0.1,4,0.642771501914776,0.8118709986304975,0.8141041036239605,0.6765914012579203,0.5297729325501614,0,敗,47.02270674498386,,0.2,,0.2,西武,6.2,勝,勝,True,False,False,2026_final_test
2026-07-01,2026,regular,西武,1,PayPayドーム,前田 悠伍,ワイナンス,11.0,0.0,11.0,0.3,0.5,2.2,1.0,7,68,0.5882352941176471,0.8,0.6,0.75,3.0,1.8,1.85,5.4,5.0,2.4,3.2,0.6,0.35,0,0.6519663663034131,0.6639857124282006,1.4554575183379561,0.6543702355283706,0.5482899729461198,0,敗,45.17100270538802,0.7,,0.7,,ソフトバンク,10.3,勝,勝,True,False,False,2026_final_test
2026-07-02,2026,regular,西武,1,PayPayドーム,大津 亮介,武内 夏暉,3.0,1.0,2.0,0.1603,0.3334,2.434,1.0,7,69,0.5942028985507246,0.8,0.7,0.75,3.6,3.1,2.3,6.0,5.9,2.4,2.8,0.6,0.8,0,0.6997734771164738,0.8420324099777079,0.8064895094120443,0.7282252636887205,0.4836293992808431,0,敗,51.637060071915684,0.9,,0.9,,ソフトバンク,1.1,勝,敗,False,False,False,2026_final_test
2026-07-03,2026,regular,ロッテ,1,PayPayドーム,スチュワート・ジュニア,廣池 康志郎,3.0,2.0,1.0,0.6667,1.0,1.794,1.0,7,70,0.6,1.0,0.7,0.75,5.0,2.6,2.3,6.6,5.4,1.6,2.8,0.6,0.75,0,0.6011666955061266,0.8800446942095957,1.931643659753405,0.6569422952468204,0.5461829599780186,0,敗,45.38170400219814,1.0,,1.0,,ソフトバンク,0.0,分,勝,,False,False,2026_final_test
2026-07-04,2026,regular,ロッテ,1,PayPayドーム,北斗,ロング,1.0,8.0,-7.0,0.0,0.0,0.0,0.0,7,71,0.6056338028169014,1.0,0.8,0.75,4.6,3.1,2.2,5.6,5.7,1.0,2.6,0.6,0.75,0,0.6222416919558672,0.7592112105543348,1.3366037855228294,0.6496355956755607,0.5521448345798915,0,敗,44.78551654201085,0.7,,0.7,,ソフトバンク,-7.7,敗,勝,False,True,False,2026_final_test
2026-07-05,2026,regular,ロッテ,1,PayPayドーム,松本 晴,小島 和哉,7.0,2.0,5.0,0.1828,1.0,1.232,1.0,7,72,0.5972222222222222,0.8,0.8,0.7,2.6,2.5,1.8,4.8,5.5,2.2,3.0,0.55,0.0,0,0.7231125352470887,0.935048847057502,3.0913402029080745,0.7654997976091714,0.44697912682947494,0,敗,55.302087317052504,0.9,,0.9,,ソフトバンク,4.1,勝,勝,True,False,False,2026_final_test
2026-07-07,2026,regular,オリックス,0,京セラドーム大阪,上沢 直之,ジェリー,6.0,3.0,3.0,-0.0417,-0.3334,1.075,1.0,7,73,0.6027397260273972,0.8,0.8,0.75,2.4,2.7,2.3,5.0,5.2,2.6,2.5,0.5,1.1,1,0.7386276595026942,0.8817297316071302,1.4035659060114103,0.7672480739235813,0.44517811759724674,0,敗,55.482188240275335,0.4,,0.4,,ソフトバンク,2.6,勝,勝,True,False,False,2026_final_test
2026-07-08,2026,regular,オリックス,0,京セラドーム大阪,前田 悠伍,九里 亜蓮,2.0,3.0,-1.0,0.2182,0.3333,2.6,0.0,7,74,0.6081081081081081,0.8,0.8,0.75,0.8,2.2,2.3,4.0,5.0,3.2,2.8,0.5,0.95,0,0.7716509259362415,0.726396657208178,2.724830810086087,0.7626000721906288,0.4499489233050816,0,敗,55.005107669491835,0.8,,0.8,,ソフトバンク,-1.8,敗,勝,False,True,False,2026_final_test
2026-07-10,2026,regular,楽天,1,PayPayドーム,大津 亮介,早川 隆久,3.0,5.0,-2.0,0.0422,0.0,1.487,0.0,7,75,0.6,0.6,0.8,0.7,0.2,2.6,2.15,3.8,5.2,3.6,2.6,0.6,1.4,1,0.6438388285638176,0.8698764917614437,0.793516285336254,0.6890463612033428,0.5190660079664765,0,敗,48.09339920335235,1.1,,1.1,,ソフトバンク,-3.1,敗,敗,True,True,False,2026_final_test
2026-07-11,2026,regular,楽天,1,PayPayドーム,大関 友久,ウレーニャ,9.0,2.0,7.0,0.0614,-0.1667,2.746,1.0,7,76,0.5921052631578947,0.4,0.7,0.65,-0.4,2.1,1.75,3.8,4.7,4.2,2.6,0.6,1.65,0,0.673015285973606,0.8250060787636274,0.4339368408045875,0.7034134445316103,0.5063960764646002,0,敗,49.360392353539986,1.1,,1.1,,ソフトバンク,5.9,勝,敗,False,False,False,2026_final_test
2026-07-12,2026,regular,楽天,1,PayPayドーム,松本 晴,古謝 樹,3.0,0.0,3.0,0.0385,0.3333,1.238,1.0,7,77,0.5974025974025974,0.6,0.7,0.65,2.4,2.5,1.9,5.4,5.1,3.0,2.6,0.6,1.9,0,0.6022733100693679,0.7840084301620803,1.2036127716622653,0.6386203340879104,0.5609979199175879,0,敗,43.900208008241215,1.2,,1.2,,ソフトバンク,1.8,勝,勝,True,False,False,2026_final_test
2026-07-14,2026,regular,日本ハム,0,エスコンF,上沢 直之,北山 亘基,4.0,2.0,2.0,0.0886,0.3334,0.667,1.0,7,78,0.6025641025641025,0.6,0.7,0.65,2.0,2.2,2.0,4.6,4.8,2.6,2.6,0.7,2.05,1,0.2907852065650324,0.9154747747616689,-1.033763154402512,0.41572312020435964,0.7159166522271527,1,勝,71.59166522271528,,0.2,,0.2,日本ハム,2.2,勝,敗,False,True,True,2026_final_test
2026-07-15,2026,regular,日本ハム,0,エスコンF,スチュワート・ジュニア,加藤 貴之,6.0,7.0,-1.0,0.6765,1.0,3.467,0.0,7,79,0.6075949367088608,0.6,0.7,0.7,1.8,1.3,2.2,4.2,4.1,2.4,2.8,0.7,2.1,0,0.27470216604535314,0.879594570116236,-0.17409925972034968,0.3956806468595297,0.7283677099464951,1,勝,72.83677099464951,,0.4,,0.4,日本ハム,-0.6,敗,勝,False,False,True,2026_final_test
2026-07-16,2026,regular,日本ハム,0,エスコンF,上茶谷 大河,伊藤 大海,6.0,2.0,4.0,0.3889,0.3333,0.5,1.0,7,80,0.6,0.6,0.6,0.65,1.8,1.0,1.8,5.0,4.4,3.2,3.4,0.65,1.9,0,0.2627437101461164,0.766500723341553,-0.3668497892209921,0.3634951127852037,0.7480842782995265,1,勝,74.80842782995265,,0.5,,0.5,日本ハム,4.5,勝,勝,True,True,True,2026_final_test
2026-07-18,2026,regular,ロッテ,0,ZOZOマリンスタジアム,大津 亮介,廣池 康志郎,5.0,4.0,1.0,0.6,0.3333,2.689,1.0,7,81,0.6049382716049383,0.8,0.6,0.7,3.0,1.3,2.2,5.6,4.7,2.6,3.4,0.55,-0.05,1,0.5279228343466503,0.946919007776167,1.0648422986940638,0.6117220690325537,0.5819844222006916,0,敗,41.801557779930846,1.7,,1.7,,ソフトバンク,-0.7,敗,敗,True,False,False,2026_final_test
2026-07-19,2026,regular,ロッテ,0,ZOZOマリンスタジアム,前田 悠伍,ロング,3.0,0.0,3.0,-0.25,-0.3333,-4.333,1.0,7,82,0.6097560975609756,0.8,0.7,0.75,1.8,2.1,2.3,4.8,5.1,3.0,3.0,0.6,0.15,0,0.5431614645869784,0.9609639628523693,1.2717903977354919,0.6267219642400566,0.570387672534108,0,敗,42.9612327465892,1.4,,1.4,,ソフトバンク,1.6,勝,敗,False,False,False,2026_final_test
2026-07-20,2026,regular,ロッテ,0,ZOZOマリンスタジアム,大関 友久,ジャクソン,5.0,4.0,1.0,0.069,0.1667,0.85,1.0,7,83,0.6144578313253012,0.8,0.7,0.75,1.8,1.9,2.3,4.8,4.7,3.0,2.8,0.6,-0.15,0,0.5829103543098515,0.965765569995973,1.259151596396074,0.6594813974470758,0.5440938966047649,0,敗,45.59061033952351,0.5,,0.5,,ソフトバンク,0.5,勝,勝,True,False,False,2026_final_test
2026-07-21,2026,regular,オリックス,1,PayPayドーム,上沢 直之,エスピノーザ,1.0,2.0,-1.0,0.2143,0.3333,3.393,0.0,7,84,0.6190476190476191,0.8,0.7,0.75,1.6,1.7,1.95,5.0,4.6,3.4,2.9,0.45,0.5,0,0.7811373077668057,0.7711081857664754,2.1145603433664553,0.7791314833667397,0.43271948069640465,0,敗,56.728051930359534,0.8,,0.8,,ソフトバンク,-1.8,敗,勝,False,True,False,2026_final_test
2026-07-22,2026,regular,オリックス,1,PayPayドーム,スチュワート・ジュニア,片山 楽生,22.0,2.0,20.0,0.1571,0.1667,0.75,1.0,7,85,0.611764705882353,0.8,0.7,0.75,1.6,1.7,2.15,4.0,4.5,2.4,2.8,0.4,0.4,0,0.7905505785603273,0.9491377662837867,2.540932703454259,0.8222680161050191,0.38386203462536056,0,敗,61.61379653746395,1.2,,1.2,,ソフトバンク,18.8,勝,勝,True,False,False,2026_final_test
2026-07-23,2026,regular,オリックス,1,PayPayドーム,松本 晴,山口 廉王,6.0,5.0,1.0,0.0161,0.5,0.545,1.0,7,86,0.6162790697674418,0.8,0.8,0.75,4.8,3.9,3.0,7.2,6.4,2.4,2.5,0.4,1.35,0,0.8162530753164614,0.8441281486977987,1.8248193181778356,0.8218280899927289,0.38439310663437076,0,敗,61.56068933656292,1.5,,1半3,,ソフトバンク,-0.5,敗,勝,False,False,False,2026_final_test
2026-07-24,2026,regular,西武,0,メットライフドーム,上茶谷 大河,渡邉 勇太朗,7.0,3.0,4.0,0.7778,0.6667,4.833,1.0,7,87,0.6206896551724138,0.8,0.8,0.75,4.8,3.3,2.9,7.4,6.1,2.6,2.8,0.6,0.7,0,0.6714315853911633,0.7936287145028516,1.3279775454414948,0.6958710112135009,0.5130916781722682,0,敗,48.69083218277318,0.6,,0.6,,ソフトバンク,3.4,勝,勝,True,False,False,2026_final_test
2026-07-25,2026,regular,西武,0,メットライフドーム,大津 亮介,武内 夏暉,6.0,8.0,-2.0,0.2087,0.6667,2.474,0.0,7,88,0.625,0.8,0.8,0.75,5.0,3.4,2.8,8.2,6.5,3.2,3.1,0.6,0.7,0,0.6659400797793277,0.5250097911766762,1.700081808561556,0.6377540220587974,0.5616875291730183,0,敗,43.83124708269817,0.9,,0.9,,ソフトバンク,-2.9,敗,勝,False,True,False,2026_final_test
2026-07-26,2026,regular,西武,0,メットライフドーム,前田 悠伍,髙橋 光成,3.0,0.0,3.0,0.2136,-0.3333,2.025,1.0,7,89,0.6179775280898876,0.6,0.7,0.7,4.4,3.0,2.15,8.4,6.7,4.0,3.7,0.55,0.45,0,0.700634906190566,0.8415096956633129,0.7566099496244137,0.7288098640851154,0.48307841011983993,0,敗,51.692158988016004,0.7,,0.7,,ソフトバンク,2.3,勝,勝,True,False,False,2026_final_test
2026-08-01,2026,regular,楽天,0,楽天モバイル,上茶谷 大河,早川 隆久,5.0,0.0,5.0,0.375,0.0,2.5,1.0,8,90,0.6222222222222222,0.8,0.8,0.7,5.2,3.4,2.2,8.8,6.4,3.6,3.0,0.6,1.5,5,0.29976876817102316,0.7637765049655386,-2.130147576324545,0.3925703155299262,0.7302871027616936,1,勝,73.02871027616936,0.7,,0.7,,ソフトバンク,4.3,勝,敗,False,True,True,2026_final_test
2026-08-02,2026,regular,楽天,0,楽天モバイル,前田 悠伍,古謝 樹,10.0,6.0,4.0,0.3571,0.3334,3.643,1.0,8,91,0.6263736263736264,0.8,0.8,0.7,2.2,3.5,2.4,5.4,6.3,3.2,2.8,0.6,1.7,0,0.4702530060870564,0.5698932696876892,0.13809029184146082,0.49018105880718293,0.6680892114821734,1,勝,66.80892114821734,1.6,,1.6,,ソフトバンク,2.4,勝,敗,False,True,False,2026_final_test
2026-08-04,2026,regular,日本ハム,1,京セラドーム大阪,上沢 直之,伊藤 大海,1.0,0.0,1.0,0.049,0.3334,0.83,1.0,8,92,0.6304347826086957,0.8,0.8,0.75,2.8,3.8,2.95,6.2,6.8,3.4,3.0,0.65,2.05,1,0.5103462225220503,0.4909210887650475,-0.3442967146698175,0.5064611957706497,0.6572224124241671,1,勝,65.72224124241671,0.6,,0.6,,ソフトバンク,0.4,勝,敗,False,True,False,2026_final_test
2026-08-05,2026,regular,日本ハム,1,PayPayドーム,大津 亮介,北山 亘基,7.0,5.0,2.0,0.0957,0.0,1.346,1.0,8,93,0.6344086021505376,0.8,0.8,0.75,2.2,3.6,2.75,5.0,6.6,2.8,3.0,0.65,2.0,0,0.4556813706394751,0.6375235700725069,-1.1250597999051841,0.4920498105260815,0.6668503611458984,1,勝,66.68503611458983,0.6,,0.6,,ソフトバンク,1.4,勝,敗,False,True,False,2026_final_test
2026-08-06,2026,regular,日本ハム,1,PayPayドーム,スチュワート・ジュニア,細野 晴希,2.0,6.0,-4.0,0.6667,0.6667,11.27,0.0,8,94,0.6382978723404256,1.0,0.8,0.75,3.0,3.7,2.7,5.2,6.8,2.2,3.1,0.7,2.15,0,0.45556261655299174,0.5504524742094309,-1.5118573447760277,0.47454058808427957,0.6783757809001535,1,勝,67.83757809001536,0.2,,0.2,,ソフトバンク,-4.2,敗,敗,True,False,False,2026_final_test
2026-08-07,2026,regular,西武,0,メットライフドーム,松本 晴,髙橋 光成,5.0,2.0,3.0,0.0312,0.3333,0.259,1.0,8,95,0.631578947368421,0.8,0.8,0.75,1.6,3.4,2.55,5.0,6.9,3.4,3.5,0.55,0.45,0,0.704699870507308,0.581389807550769,2.3591688627771514,0.6800378579160002,0.5268348396325687,0,敗,47.31651603674313,0.4,,0.4,,ソフトバンク,2.6,勝,勝,True,False,False,2026_final_test
2026-08-08,2026,regular,西武,0,メットライフドーム,上茶谷 大河,隅田 知一郎,1.0,2.0,-1.0,0.6154,0.3333,4.423,0.0,8,96,0.6354166666666666,0.8,0.8,0.8,1.2,1.7,2.8,5.0,5.2,3.8,3.5,0.55,0.55,0,0.6084263873998504,0.6104233842206416,1.6579974240943929,0.6088257867640087,0.5841941699401071,0,敗,41.58058300598929,0.3,,0.3,,ソフトバンク,-1.3,敗,勝,False,True,False,2026_final_test
2026-08-09,2026,regular,西武,0,メットライフドーム,前田 悠伍,武内 夏暉,5.0,0.0,5.0,0.3455,0.6667,3.345,1.0,8,97,0.6288659793814433,0.6,0.7,0.75,0.2,1.5,2.4,3.2,4.7,3.0,3.2,0.5,0.35,0,0.7035268500749626,0.7119801089526261,2.5896987834767784,0.7052175018504954,0.504779679021814,0,敗,49.5220320978186,0.8,,0.8,,ソフトバンク,4.2,勝,勝,True,False,False,2026_final_test
2026-08-11,2026,regular,ロッテ,1,PayPayドーム,モイネロ,河村 説人,16.0,2.0,14.0,0.2547,0.5,2.054,1.0,8,98,0.6326530612244898,0.6,0.7,0.75,1.0,1.6,2.5,4.0,4.5,3.0,2.9,0.6,-0.15,1,0.6641860325981563,0.8834772101228849,1.1280731387016383,0.7080442681031021,0.5022351325718345,0,敗,49.77648674281655,1.5,,1半5,,ソフトバンク,12.5,勝,敗,False,False,False,2026_final_test
2026-08-12,2026,regular,ロッテ,1,PayPayドーム,上沢 直之,ロング,10.0,4.0,6.0,0.1364,0.1667,-0.909,1.0,8,99,0.6363636363636364,0.6,0.8,0.75,3.4,3.2,3.1,5.8,5.5,2.4,2.3,0.65,0.8,0,0.6440220686266245,0.6321778493723321,0.33659663735105005,0.6416532247757659,0.5585761077445414,0,敗,44.14238922554586,1.5,,1半2,,ソフトバンク,4.5,勝,敗,False,False,False,2026_final_test
2026-08-13,2026,regular,ロッテ,1,PayPayドーム,スチュワート・ジュニア,田中 晴也,3.0,4.0,-1.0,0.3153,0.0,2.132,0.0,8,100,0.64,0.8,0.8,0.8,5.4,3.5,3.45,7.4,6.2,2.0,2.7,0.65,1.05,0,0.5906452977278411,0.6701043693711951,-0.47474454729488924,0.606537112056512,0.5859338181447676,0,敗,41.406618185523236,1.5,,1.5,,ソフトバンク,-2.5,敗,敗,True,True,False,2026_final_test
2026-08-14,2026,regular,楽天,1,PayPayドーム,大津 亮介,藤井 聖,2.0,5.0,-3.0,0.0042,0.3334,2.404,0.0,8,101,0.6336633663366337,0.6,0.7,0.75,4.6,2.9,3.2,7.0,6.0,2.4,3.1,0.65,2.0,0,0.5154956231456959,0.5623148803752261,0.05182333345154677,0.5248594745916019,0.644728290909798,1,勝,64.4728290909798,1.5,,1半5,,ソフトバンク,-4.5,敗,敗,True,False,False,2026_final_test
