試合日,対戦相手,ホーム・ビジター,球場,ホークス得点,相手得点,通常勝敗,ホークスハンデ,相手ハンデ,補正後ホークス得点,補正後相手得点,ハンデ勝敗,AI予測,AI勝率,予測方式,通常的中,ハンデ的中
2024-03-02,DeNA,home,北九州,5.0,3.0,勝,0.7,,5.7,3.0,勝,勝,54.5,初期計算式,True,True
2024-03-05,ヤクルト,home,PayPayドーム,5.0,4.0,勝,0.8,,5.8,4.0,勝,勝,87.2,初期計算式,True,True
2024-03-06,ヤクルト,home,PayPayドーム,2.0,0.0,勝,0.6,,2.6,0.0,勝,勝,93.2,初期計算式,True,True
2024-03-09,ロッテ,away,ZOZOマリンスタジアム,8.0,5.0,勝,,0.8,8.0,5.8,勝,勝,84.6,初期計算式,True,True
2024-03-10,ロッテ,away,ZOZOマリンスタジアム,1.0,1.0,分,,0.3,1.0,1.3,敗,勝,92.3,初期計算式,,False
2024-03-12,巨人,home,鹿児島,3.0,2.0,勝,0.4,,3.4,2.0,勝,勝,78.1,初期計算式,True,True
2024-03-13,巨人,home,PayPayドーム,2.0,3.0,敗,0.7,,2.7,3.0,敗,勝,94.6,初期計算式,False,False
2024-03-14,巨人,home,PayPayドーム,5.0,0.0,勝,0.2,,5.2,0.0,勝,勝,72.3,初期計算式,True,True
2024-03-15,西武,home,PayPayドーム,1.0,4.0,敗,0.7,,1.7,4.0,敗,勝,87.3,初期計算式,False,False
2024-03-16,西武,home,PayPayドーム,2.0,1.0,勝,0.6,,2.6,1.0,勝,勝,69.3,初期計算式,True,True
2024-03-17,西武,home,PayPayドーム,9.0,3.0,勝,0.6,,9.6,3.0,勝,勝,71.3,初期計算式,True,True
2024-03-19,阪神,home,PayPayドーム,9.0,10.0,敗,0.2,,9.2,10.0,敗,勝,85.2,初期計算式,False,False
2024-03-20,阪神,home,PayPayドーム,4.0,0.0,勝,0.5,,4.5,0.0,勝,勝,52.9,初期計算式,True,True
2024-03-22,広島,home,PayPayドーム,2.0,2.0,分,0.8,,2.8,2.0,勝,勝,71.9,初期計算式,,True
2024-03-23,広島,home,PayPayドーム,5.0,1.0,勝,0.7,,5.7,1.0,勝,勝,50.7,初期計算式,True,True
2024-03-24,広島,away,マツダスタジアム,0.0,3.0,敗,,0.6,0.0,3.6,敗,勝,66.6,初期計算式,False,False
2024-03-29,オリックス,away,京セラドーム大阪,3.0,1.0,勝,,0.2,3.0,1.2,勝,勝,63.0,初期計算式,True,True
2024-03-30,オリックス,away,京セラドーム大阪,0.0,2.0,敗,,0.6,0.0,2.6,敗,勝,89.6,初期計算式,False,False
2024-03-31,オリックス,away,京セラドーム大阪,5.0,2.0,勝,,0.2,5.0,2.2,勝,勝,79.0,初期計算式,True,True
2024-04-02,ロッテ,home,PayPayドーム,2.0,0.0,勝,0.8,,2.8,0.0,勝,勝,81.0,初期計算式,True,True
2024-04-03,ロッテ,home,PayPayドーム,2.0,4.0,敗,0.8,,2.8,4.0,敗,勝,79.2,初期計算式,False,False
2024-04-04,ロッテ,home,PayPayドーム,8.0,1.0,勝,1.0,,9.0,1.0,勝,勝,68.4,初期計算式,True,True
2024-04-05,楽天,away,楽天モバイル,6.0,1.0,勝,,0.6,6.0,1.6,勝,勝,78.2,初期計算式,True,True
2024-04-06,楽天,away,楽天モバイル,5.0,4.0,勝,,0.8,5.0,4.8,勝,勝,81.2,初期計算式,True,True
2024-04-07,楽天,away,楽天モバイル,2.0,3.0,敗,,0.8,2.0,3.8,敗,勝,90.6,初期計算式,False,False
2024-04-09,日本ハム,home,熊本,2.0,4.0,敗,1.0,,3.0,4.0,敗,勝,71.7,初期計算式,False,False
2024-04-11,日本ハム,home,北九州,6.0,3.0,勝,1.0,,7.0,3.0,勝,勝,66.1,初期計算式,True,True
2024-04-12,西武,away,メットライフドーム,2.0,1.0,勝,,0.5,2.0,1.5,勝,勝,82.6,初期計算式,True,True
2024-04-13,西武,away,メットライフドーム,11.0,2.0,勝,,0.8,11.0,2.8,勝,勝,63.3,初期計算式,True,True
2024-04-14,西武,away,メットライフドーム,4.0,1.0,勝,,0.5,4.0,1.5,勝,勝,88.7,初期計算式,True,True
2024-04-16,日本ハム,away,エスコンF,1.0,5.0,敗,,1.0,1.0,6.0,敗,勝,81.0,初期計算式,False,False
2024-04-17,日本ハム,away,エスコンF,4.0,4.0,分,,1.2,4.0,5.2,敗,勝,74.6,初期計算式,,False
2024-04-19,オリックス,home,PayPayドーム,9.0,7.0,勝,0.5,,9.5,7.0,勝,勝,75.1,初期計算式,True,True
2024-04-20,オリックス,home,PayPayドーム,3.0,3.0,分,0.8,,3.8,3.0,勝,勝,63.3,ウォークフォワード,,True
2024-04-21,オリックス,home,PayPayドーム,1.0,3.0,敗,0.0,,1.0,3.0,敗,勝,84.2,ウォークフォワード,False,False
2024-04-23,ロッテ,away,ZOZOマリンスタジアム,4.0,2.0,勝,,0.3,4.0,2.3,勝,勝,79.3,ウォークフォワード,True,True
2024-04-24,ロッテ,away,ZOZOマリンスタジアム,10.0,1.0,勝,,1.0,10.0,2.0,勝,勝,66.0,ウォークフォワード,True,True
2024-04-25,ロッテ,away,ZOZOマリンスタジアム,6.0,0.0,勝,,0.5,6.0,0.5,勝,勝,66.4,ウォークフォワード,True,True
2024-04-27,西武,home,PayPayドーム,2.0,1.0,勝,1.0,,3.0,1.0,勝,勝,50.2,ウォークフォワード,True,True
2024-04-28,西武,home,PayPayドーム,3.0,2.0,勝,1.0,,4.0,2.0,勝,勝,73.7,ウォークフォワード,True,True
2024-04-29,西武,home,PayPayドーム,5.0,4.0,勝,0.7,,5.7,4.0,勝,勝,81.0,ウォークフォワード,True,True
2024-04-30,楽天,home,PayPayドーム,8.0,0.0,勝,1.2,,9.2,0.0,勝,勝,76.3,ウォークフォワード,True,True
2024-05-01,楽天,home,PayPayドーム,3.0,4.0,敗,1.3,,4.3,4.0,勝,敗,37.7,ウォークフォワード,True,False
2024-05-03,西武,away,メットライフドーム,0.0,1.0,敗,,1.0,0.0,2.0,敗,敗,47.0,ウォークフォワード,True,True
2024-05-04,西武,away,メットライフドーム,4.0,5.0,敗,,0.8,4.0,5.8,敗,勝,62.8,ウォークフォワード,False,False
2024-05-05,西武,away,メットライフドーム,4.0,0.0,勝,,1.0,4.0,1.0,勝,勝,88.0,ウォークフォワード,True,True
2024-05-06,日本ハム,home,PayPayドーム,9.0,4.0,勝,0.7,,9.7,4.0,勝,勝,92.6,ウォークフォワード,True,True
2024-05-08,日本ハム,home,PayPayドーム,3.0,1.0,勝,0.6,,3.6,1.0,勝,敗,46.5,ウォークフォワード,False,False
2024-05-11,オリックス,home,宮崎,4.0,1.0,勝,0.2,,4.2,1.0,勝,敗,49.2,ウォークフォワード,False,False
2024-05-14,楽天,away,楽天モバイル,1.0,4.0,敗,,1.2,1.0,5.2,敗,勝,95.7,ウォークフォワード,False,False
2024-05-15,楽天,away,楽天モバイル,7.0,3.0,勝,,1.0,7.0,4.0,勝,勝,69.3,ウォークフォワード,True,True
2024-05-17,西武,home,PayPayドーム,6.0,2.0,勝,1.7,,7.7,2.0,勝,勝,65.1,ウォークフォワード,True,True
2024-05-18,西武,home,PayPayドーム,3.0,2.0,勝,1.0,,4.0,2.0,勝,勝,67.4,ウォークフォワード,True,True
2024-05-19,西武,home,PayPayドーム,2.0,1.0,勝,1.3,,3.3,1.0,勝,勝,55.0,ウォークフォワード,True,True
2024-05-21,楽天,home,PayPayドーム,21.0,0.0,勝,1.4,,22.4,0.0,勝,勝,69.9,ウォークフォワード,True,True
2024-05-22,楽天,home,京セラドーム大阪,12.0,0.0,勝,1.2,,13.2,0.0,勝,勝,79.8,ウォークフォワード,True,True
2024-05-24,ロッテ,away,ZOZOマリンスタジアム,1.0,3.0,敗,,0.5,1.0,3.5,敗,勝,73.1,ウォークフォワード,False,False
2024-05-25,ロッテ,away,ZOZOマリンスタジアム,0.0,2.0,敗,,0.8,0.0,2.8,敗,敗,32.1,ウォークフォワード,True,True
2024-05-26,ロッテ,away,ZOZOマリンスタジアム,1.0,7.0,敗,,0.8,1.0,7.8,敗,敗,42.3,ウォークフォワード,True,True
2024-05-28,巨人,away,東京ドーム,2.0,0.0,勝,,0.7,2.0,0.7,勝,勝,65.0,ウォークフォワード,True,True
2024-05-29,巨人,away,東京ドーム,0.0,1.0,敗,,0.8,0.0,1.8,敗,敗,46.6,ウォークフォワード,True,True
2024-05-30,巨人,away,東京ドーム,5.0,6.0,敗,,1.0,5.0,7.0,敗,敗,38.0,ウォークフォワード,True,True
2024-05-31,広島,home,PayPayドーム,2.0,1.0,勝,1.2,,3.2,1.0,勝,勝,72.4,ウォークフォワード,True,True
2024-06-01,広島,home,PayPayドーム,2.0,0.0,勝,1.7,,3.7,0.0,勝,勝,73.2,ウォークフォワード,True,True
2024-06-02,広島,home,PayPayドーム,5.0,3.0,勝,0.8,,5.8,3.0,勝,勝,52.4,ウォークフォワード,True,True
2024-06-04,中日,away,ナゴヤドーム,3.0,2.0,勝,,0.7,3.0,2.7,勝,敗,49.3,ウォークフォワード,False,False
2024-06-05,中日,away,ナゴヤドーム,5.0,1.0,勝,,0.6,5.0,1.6,勝,敗,47.5,ウォークフォワード,False,False
2024-06-06,中日,away,ナゴヤドーム,0.0,3.0,敗,,0.7,0.0,3.7,敗,敗,45.3,ウォークフォワード,True,True
2024-06-07,DeNA,away,横浜スタジアム,10.0,1.0,勝,,1.7,10.0,2.7,勝,敗,49.8,ウォークフォワード,False,False
2024-06-08,DeNA,away,横浜スタジアム,5.0,3.0,勝,,0.4,5.0,3.4,勝,勝,60.8,ウォークフォワード,True,True
2024-06-09,DeNA,away,横浜スタジアム,5.0,8.0,敗,,1.0,5.0,9.0,敗,敗,43.3,ウォークフォワード,True,True
2024-06-11,ヤクルト,home,PayPayドーム,4.0,2.0,勝,1.0,,5.0,2.0,勝,勝,59.1,ウォークフォワード,True,True
2024-06-12,ヤクルト,home,PayPayドーム,3.0,9.0,敗,1.0,,4.0,9.0,敗,勝,72.9,ウォークフォワード,False,False
2024-06-13,ヤクルト,home,PayPayドーム,6.0,3.0,勝,1.0,,7.0,3.0,勝,勝,73.9,ウォークフォワード,True,True
2024-06-14,阪神,home,PayPayドーム,2.0,0.0,勝,1.3,,3.3,0.0,勝,勝,85.4,ウォークフォワード,True,True
2024-06-15,阪神,home,PayPayドーム,6.0,2.0,勝,0.4,,6.4,2.0,勝,勝,79.7,ウォークフォワード,True,True
2024-06-16,阪神,home,PayPayドーム,1.0,4.0,敗,0.0,,1.0,4.0,敗,勝,62.2,ウォークフォワード,False,False
2024-06-21,ロッテ,home,北九州,9.0,4.0,勝,1.0,,10.0,4.0,勝,勝,77.6,ウォークフォワード,True,True
2024-06-22,ロッテ,home,PayPayドーム,3.0,1.0,勝,0.7,,3.7,1.0,勝,勝,83.0,ウォークフォワード,True,True
2024-06-23,ロッテ,home,PayPayドーム,6.0,6.0,分,1.0,,7.0,6.0,勝,勝,50.2,ウォークフォワード,,True
2024-06-25,オリックス,away,京セラドーム大阪,7.0,2.0,勝,,0.8,7.0,2.8,勝,勝,52.8,ウォークフォワード,True,True
2024-06-26,オリックス,away,京セラドーム大阪,5.0,1.0,勝,,0.7,5.0,1.7,勝,勝,59.6,ウォークフォワード,True,True
2024-06-27,オリックス,away,京セラドーム大阪,1.0,3.0,敗,,0.0,1.0,3.0,敗,勝,69.5,ウォークフォワード,False,False
2024-06-28,日本ハム,away,エスコンF,5.0,1.0,勝,,0.5,5.0,1.5,勝,敗,47.1,ウォークフォワード,False,False
2024-06-29,日本ハム,away,エスコンF,7.0,1.0,勝,,0.3,7.0,1.3,勝,勝,62.6,ウォークフォワード,True,True
2024-06-30,日本ハム,away,エスコンF,10.0,3.0,勝,,0.8,10.0,3.8,勝,勝,63.7,ウォークフォワード,True,True
2024-07-02,西武,home,東京ドーム,3.0,2.0,勝,2.0,,5.0,2.0,勝,勝,77.4,ウォークフォワード,True,True
2024-07-04,西武,home,PayPayドーム,0.0,4.0,敗,1.3,,1.3,4.0,敗,勝,74.6,ウォークフォワード,False,False
2024-07-05,楽天,home,PayPayドーム,1.0,5.0,敗,0.8,,1.8,5.0,敗,勝,88.2,ウォークフォワード,False,False
2024-07-06,楽天,home,PayPayドーム,0.0,4.0,敗,1.7,,1.7,4.0,敗,勝,80.3,ウォークフォワード,False,False
2024-07-07,楽天,home,PayPayドーム,5.0,3.0,勝,1.5,,6.5,3.0,勝,勝,62.5,ウォークフォワード,True,True
2024-07-09,オリックス,away,京セラドーム大阪,0.0,3.0,敗,,1.0,0.0,4.0,敗,勝,76.7,ウォークフォワード,False,False
2024-07-10,オリックス,away,京セラドーム大阪,3.0,4.0,敗,,0.3,3.0,4.3,敗,勝,74.0,ウォークフォワード,False,False
2024-07-12,日本ハム,away,エスコンF,5.0,4.0,勝,,0.6,5.0,4.6,勝,勝,57.4,ウォークフォワード,True,True
2024-07-13,日本ハム,away,エスコンF,2.0,3.0,敗,,1.2,2.0,4.2,敗,勝,67.3,ウォークフォワード,False,False
2024-07-14,日本ハム,away,エスコンF,1.0,3.0,敗,,1.0,1.0,4.0,敗,勝,65.4,ウォークフォワード,False,False
2024-07-15,ロッテ,home,PayPayドーム,5.0,8.0,敗,0.8,,5.8,8.0,敗,勝,81.8,ウォークフォワード,False,False
2024-07-16,ロッテ,home,PayPayドーム,4.0,1.0,勝,0.7,,4.7,1.0,勝,勝,70.0,ウォークフォワード,True,True
2024-07-17,ロッテ,home,PayPayドーム,6.0,4.0,勝,0.7,,6.7,4.0,勝,勝,70.3,ウォークフォワード,True,True
2024-07-19,西武,away,メットライフドーム,4.0,0.0,勝,,0.5,4.0,0.5,勝,勝,56.0,ウォークフォワード,True,True
2024-07-20,西武,away,メットライフドーム,3.0,5.0,敗,,1.0,3.0,6.0,敗,勝,72.4,ウォークフォワード,False,False
2024-07-21,西武,away,メットライフドーム,1.0,0.0,勝,,1.5,1.0,1.5,敗,勝,67.5,ウォークフォワード,True,False
2024-07-26,オリックス,home,PayPayドーム,5.0,1.0,勝,0.0,,5.0,1.0,勝,勝,71.5,ウォークフォワード,True,True
2024-07-27,オリックス,home,PayPayドーム,3.0,0.0,勝,1.0,,4.0,0.0,勝,勝,79.1,ウォークフォワード,True,True
2024-07-28,オリックス,home,PayPayドーム,4.0,1.0,勝,0.8,,4.8,1.0,勝,勝,81.9,ウォークフォワード,True,True
2024-07-30,楽天,away,楽天モバイル,10.0,1.0,勝,,1.0,10.0,2.0,勝,勝,65.9,ウォークフォワード,True,True
2024-07-31,楽天,away,楽天モバイル,2.0,3.0,敗,,1.2,2.0,4.2,敗,勝,65.4,ウォークフォワード,False,False
2024-08-01,楽天,away,東京ドーム,7.0,0.0,勝,,0.3,7.0,0.3,勝,勝,55.3,ウォークフォワード,True,True
2024-08-02,日本ハム,home,PayPayドーム,6.0,4.0,勝,0.7,,6.7,4.0,勝,勝,78.8,ウォークフォワード,True,True
2024-08-03,日本ハム,home,PayPayドーム,7.0,8.0,敗,1.5,,8.5,8.0,勝,勝,74.1,ウォークフォワード,False,True
2024-08-04,日本ハム,home,PayPayドーム,3.0,2.0,勝,0.6,,3.6,2.0,勝,勝,72.1,ウォークフォワード,True,True
2024-08-06,ロッテ,away,ZOZOマリンスタジアム,6.0,4.0,勝,,1.4,6.0,5.4,勝,勝,71.1,ウォークフォワード,True,True
2024-08-07,ロッテ,away,ZOZOマリンスタジアム,2.0,6.0,敗,,0.8,2.0,6.8,敗,勝,67.7,ウォークフォワード,False,False
2024-08-08,ロッテ,away,ZOZOマリンスタジアム,6.0,3.0,勝,,0.3,6.0,3.3,勝,勝,63.0,ウォークフォワード,True,True
2024-08-10,楽天,home,PayPayドーム,6.0,13.0,敗,1.5,,7.5,13.0,敗,勝,70.7,ウォークフォワード,False,False
2024-08-11,楽天,home,PayPayドーム,5.0,2.0,勝,1.5,,6.5,2.0,勝,勝,74.7,ウォークフォワード,True,True
2024-08-12,楽天,home,PayPayドーム,14.0,4.0,勝,1.0,,15.0,4.0,勝,勝,76.3,ウォークフォワード,True,True
2024-08-13,西武,away,メットライフドーム,6.0,1.0,勝,,1.0,6.0,2.0,勝,勝,68.4,ウォークフォワード,True,True
2024-08-14,西武,away,メットライフドーム,1.0,4.0,敗,,1.0,1.0,5.0,敗,勝,69.5,ウォークフォワード,False,False
2024-08-15,西武,away,メットライフドーム,9.0,2.0,勝,,1.0,9.0,3.0,勝,勝,57.1,ウォークフォワード,True,True
2024-08-16,ロッテ,home,PayPayドーム,4.0,0.0,勝,1.8,,5.8,0.0,勝,勝,73.3,ウォークフォワード,True,True
2024-08-17,ロッテ,home,PayPayドーム,2.0,5.0,敗,1.0,,3.0,5.0,敗,勝,72.0,ウォークフォワード,False,False
2024-08-18,ロッテ,home,PayPayドーム,2.0,1.0,勝,0.5,,2.5,1.0,勝,勝,80.2,ウォークフォワード,True,True
2024-08-20,楽天,away,楽天モバイル,0.0,3.0,敗,,1.7,0.0,4.7,敗,勝,63.1,ウォークフォワード,False,False
2024-08-21,楽天,away,楽天モバイル,1.0,2.0,敗,,1.0,1.0,3.0,敗,勝,63.0,ウォークフォワード,False,False
2024-08-23,日本ハム,away,エスコンF,6.0,5.0,勝,,1.4,6.0,6.4,敗,勝,57.6,ウォークフォワード,True,False
2024-08-24,日本ハム,away,エスコンF,1.0,6.0,敗,,1.0,1.0,7.0,敗,勝,63.0,ウォークフォワード,False,False
2024-08-25,日本ハム,away,エスコンF,3.0,5.0,敗,,0.0,3.0,5.0,敗,勝,54.5,ウォークフォワード,False,False
2024-08-27,オリックス,home,PayPayドーム,3.0,1.0,勝,1.7,,4.7,1.0,勝,勝,76.5,ウォークフォワード,True,True
2024-08-28,オリックス,home,長崎,1.0,4.0,敗,1.5,,2.5,4.0,敗,勝,79.2,ウォークフォワード,False,False
2024-08-30,ロッテ,away,ZOZOマリンスタジアム,2.0,6.0,敗,,0.4,2.0,6.4,敗,勝,63.2,ウォークフォワード,False,False
2024-08-31,ロッテ,away,ZOZOマリンスタジアム,4.0,1.0,勝,,0.6,4.0,1.6,勝,勝,56.0,ウォークフォワード,True,True
2024-09-01,ロッテ,away,ZOZOマリンスタジアム,10.0,2.0,勝,,0.6,10.0,2.6,勝,勝,63.1,ウォークフォワード,True,True
2024-09-03,日本ハム,home,PayPayドーム,3.0,6.0,敗,1.4,,4.4,6.0,敗,勝,75.5,ウォークフォワード,False,False
2024-09-04,日本ハム,home,PayPayドーム,5.0,8.0,敗,0.8,,5.8,8.0,敗,勝,77.9,ウォークフォワード,False,False
2024-09-06,西武,home,PayPayドーム,0.0,1.0,敗,1.0,,1.0,1.0,分,勝,76.7,ウォークフォワード,False,
2024-09-07,西武,home,PayPayドーム,2.0,3.0,敗,1.7,,3.7,3.0,勝,勝,71.4,ウォークフォワード,False,True
2024-09-08,西武,home,PayPayドーム,3.0,1.0,勝,1.2,,4.2,1.0,勝,勝,72.6,ウォークフォワード,True,True
2024-09-10,楽天,away,楽天モバイル,4.0,1.0,勝,,1.0,4.0,2.0,勝,勝,55.9,ウォークフォワード,True,True
2024-09-11,楽天,away,楽天モバイル,9.0,2.0,勝,,1.4,9.0,3.4,勝,勝,66.4,ウォークフォワード,True,True
2024-09-13,オリックス,away,京セラドーム大阪,8.0,3.0,勝,,1.0,8.0,4.0,勝,勝,64.6,ウォークフォワード,True,True
2024-09-14,オリックス,away,京セラドーム大阪,10.0,1.0,勝,,1.7,10.0,2.7,勝,勝,64.3,ウォークフォワード,True,True
2024-09-16,オリックス,away,京セラドーム大阪,1.0,0.0,勝,,1.0,1.0,1.0,分,勝,64.8,ウォークフォワード,True,
2024-09-18,日本ハム,home,PayPayドーム,0.0,3.0,敗,0.3,,0.3,3.0,敗,勝,77.3,ウォークフォワード,False,False
2024-09-20,オリックス,home,PayPayドーム,4.0,0.0,勝,1.3,,5.3,0.0,勝,勝,72.3,ウォークフォワード,True,True
2024-09-21,楽天,home,PayPayドーム,3.0,2.0,勝,1.0,,4.0,2.0,勝,勝,72.2,ウォークフォワード,True,True
2024-09-22,楽天,home,PayPayドーム,11.0,5.0,勝,1.8,,12.8,5.0,勝,勝,73.5,ウォークフォワード,True,True
2024-09-23,オリックス,away,京セラドーム大阪,9.0,4.0,勝,,1.0,9.0,5.0,勝,勝,55.4,ウォークフォワード,True,True
2024-09-25,西武,home,PayPayドーム,2.0,0.0,勝,,,,,対象外,勝,76.1,ウォークフォワード,True,
2024-09-26,西武,home,PayPayドーム,2.0,4.0,敗,,,,,対象外,勝,71.5,ウォークフォワード,False,
2024-09-28,日本ハム,away,エスコンF,6.0,7.0,敗,,,,,対象外,勝,74.1,ウォークフォワード,False,
2024-09-29,日本ハム,away,エスコンF,6.0,2.0,勝,,,,,対象外,勝,74.6,ウォークフォワード,True,
2024-09-30,オリックス,home,PayPayドーム,1.0,0.0,勝,,,,,対象外,勝,66.7,ウォークフォワード,True,
2024-10-01,オリックス,home,PayPayドーム,8.0,6.0,勝,,,,,対象外,勝,71.2,ウォークフォワード,True,
2024-10-03,楽天,home,PayPayドーム,4.0,2.0,勝,,,,,対象外,勝,68.4,ウォークフォワード,True,
2024-10-04,ロッテ,home,PayPayドーム,1.0,0.0,勝,,,,,対象外,勝,71.8,ウォークフォワード,True,
2024-10-16,日本ハム,home,PayPayドーム,5.0,2.0,勝,0.5,,5.5,2.0,勝,勝,73.2,ウォークフォワード,True,True
2024-10-17,日本ハム,home,PayPayドーム,7.0,2.0,勝,1.4,,8.4,2.0,勝,勝,76.2,ウォークフォワード,True,True
2024-10-18,日本ハム,home,PayPayドーム,3.0,2.0,勝,1.2,,4.2,2.0,勝,勝,68.8,ウォークフォワード,True,True
2024-10-26,DeNA,away,横浜スタジアム,5.0,3.0,勝,,1.4,5.0,4.4,勝,勝,55.8,ウォークフォワード,True,True
2024-10-27,DeNA,away,横浜スタジアム,6.0,3.0,勝,,1.0,6.0,4.0,勝,勝,52.7,ウォークフォワード,True,True
2024-10-29,DeNA,home,PayPayドーム,1.0,4.0,敗,1.3,,2.3,4.0,敗,勝,68.5,ウォークフォワード,False,False
2024-10-30,DeNA,home,PayPayドーム,0.0,5.0,敗,1.7,,1.7,5.0,敗,勝,63.5,ウォークフォワード,False,False
2024-10-31,DeNA,home,PayPayドーム,0.0,7.0,敗,1.3,,1.3,7.0,敗,勝,74.9,ウォークフォワード,False,False
2024-11-03,DeNA,away,横浜スタジアム,2.0,11.0,敗,,1.0,2.0,12.0,敗,勝,67.6,ウォークフォワード,False,False
2025-02-22,オリックス,home,宮崎アイビー,7.0,0.0,勝,0.5,,7.5,0.0,勝,勝,68.0,ウォークフォワード,True,True
2025-02-23,オリックス,away,SOKKEN,1.0,9.0,敗,,0.7,1.0,9.7,敗,勝,55.5,ウォークフォワード,False,False
2025-03-04,ヤクルト,home,PayPayドーム,3.0,4.0,敗,0.6,,3.6,4.0,敗,勝,65.8,ウォークフォワード,False,False
2025-03-05,ヤクルト,home,PayPayドーム,3.0,1.0,勝,0.6,,3.6,1.0,勝,勝,69.2,ウォークフォワード,True,True
2025-03-07,ロッテ,away,ZOZOマリンスタジアム,3.0,2.0,勝,,0.5,3.0,2.5,勝,勝,64.2,ウォークフォワード,True,True
2025-03-08,ロッテ,away,ZOZOマリンスタジアム,6.0,4.0,勝,,0.6,6.0,4.6,勝,勝,63.7,ウォークフォワード,True,True
2025-03-09,ロッテ,away,ZOZOマリンスタジアム,5.0,5.0,分,,0.5,5.0,5.5,敗,勝,64.4,ウォークフォワード,,False
2025-03-11,巨人,home,長崎,4.0,4.0,分,0.0,,4.0,4.0,分,勝,76.3,ウォークフォワード,,
2025-03-12,巨人,home,PayPayドーム,3.0,4.0,敗,0.0,,3.0,4.0,敗,勝,79.6,ウォークフォワード,False,False
2025-03-13,巨人,home,PayPayドーム,5.0,0.0,勝,0.2,,5.2,0.0,勝,勝,79.3,ウォークフォワード,True,True
2025-03-14,日本ハム,home,PayPayドーム,2.0,2.0,分,0.2,,2.2,2.0,勝,勝,79.3,ウォークフォワード,,True
2025-03-15,日本ハム,home,PayPayドーム,4.0,2.0,勝,0.5,,4.5,2.0,勝,勝,74.2,ウォークフォワード,True,True
2025-03-16,日本ハム,home,PayPayドーム,3.0,8.0,敗,0.0,,3.0,8.0,敗,勝,75.0,ウォークフォワード,False,False
2025-03-18,中日,home,PayPayドーム,5.0,0.0,勝,1.0,,6.0,0.0,勝,勝,72.3,ウォークフォワード,True,True
2025-03-19,中日,home,PayPayドーム,1.0,2.0,敗,1.2,,2.2,2.0,勝,勝,69.2,ウォークフォワード,False,True
2025-03-21,広島,home,PayPayドーム,5.0,1.0,勝,1.0,,6.0,1.0,勝,勝,75.8,ウォークフォワード,True,True
2025-03-22,広島,home,PayPayドーム,1.0,2.0,敗,1.0,,2.0,2.0,分,勝,72.2,ウォークフォワード,False,
2025-03-23,広島,away,マツダスタジアム,3.0,1.0,勝,,0.5,3.0,1.5,勝,勝,65.4,ウォークフォワード,True,True
2025-03-28,ロッテ,home,PayPayドーム,2.0,8.0,敗,1.3,,3.3,8.0,敗,勝,74.4,ウォークフォワード,False,False
2025-03-29,ロッテ,home,PayPayドーム,4.0,5.0,敗,1.3,,5.3,5.0,勝,勝,77.3,ウォークフォワード,False,True
2025-03-30,ロッテ,home,PayPayドーム,4.0,7.0,敗,0.7,,4.7,7.0,敗,勝,71.2,ウォークフォワード,False,False
2025-04-01,日本ハム,away,エスコンF,5.0,1.0,勝,,0.4,5.0,1.4,勝,勝,62.0,ウォークフォワード,True,True
2025-04-02,日本ハム,away,エスコンF,1.0,3.0,敗,,0.0,1.0,3.0,敗,勝,65.0,ウォークフォワード,False,False
2025-04-04,西武,home,PayPayドーム,0.0,6.0,敗,1.0,,1.0,6.0,敗,勝,65.8,ウォークフォワード,False,False
2025-04-05,西武,home,PayPayドーム,3.0,6.0,敗,0.8,,3.8,6.0,敗,勝,66.9,ウォークフォワード,False,False
2025-04-06,西武,home,PayPayドーム,11.0,1.0,勝,0.7,,11.7,1.0,勝,勝,62.9,ウォークフォワード,True,True
2025-04-08,オリックス,away,京セラドーム大阪,5.0,2.0,勝,,1.5,5.0,3.5,勝,敗,48.5,ウォークフォワード,False,False
2025-04-09,オリックス,away,京セラドーム大阪,10.0,9.0,勝,,0.6,10.0,9.6,勝,勝,55.6,ウォークフォワード,True,True
2025-04-10,オリックス,away,京セラドーム大阪,1.0,1.0,分,,0.0,1.0,1.0,分,勝,57.8,ウォークフォワード,,
2025-04-11,ロッテ,away,ZOZOマリンスタジアム,5.0,4.0,勝,,0.4,5.0,4.4,勝,勝,64.8,ウォークフォワード,True,True
2025-04-12,ロッテ,away,ZOZOマリンスタジアム,8.0,0.0,勝,,0.0,8.0,0.0,勝,勝,67.4,ウォークフォワード,True,True
2025-04-15,楽天,home,PayPayドーム,1.0,2.0,敗,1.7,,2.7,2.0,勝,勝,60.9,ウォークフォワード,False,True
2025-04-16,楽天,home,PayPayドーム,2.0,6.0,敗,1.0,,3.0,6.0,敗,勝,65.8,ウォークフォワード,False,False
2025-04-17,楽天,home,PayPayドーム,3.0,4.0,敗,1.0,,4.0,4.0,分,勝,67.5,ウォークフォワード,False,
2025-04-18,西武,away,メットライフドーム,1.0,2.0,敗,,0.0,1.0,2.0,敗,勝,65.9,ウォークフォワード,False,False
2025-04-19,西武,away,メットライフドーム,0.0,1.0,敗,,0.2,0.0,1.2,敗,勝,67.0,ウォークフォワード,False,False
2025-04-20,西武,away,メットライフドーム,3.0,1.0,勝,,0.5,3.0,1.5,勝,勝,68.0,ウォークフォワード,True,True
2025-04-23,オリックス,home,PayPayドーム,6.0,2.0,勝,0.0,,6.0,2.0,勝,勝,61.7,ウォークフォワード,True,True
2025-04-25,楽天,away,楽天モバイル,1.0,0.0,勝,,0.0,1.0,0.0,勝,勝,62.1,ウォークフォワード,True,True
2025-04-26,楽天,away,楽天モバイル,3.0,6.0,敗,,0.4,3.0,6.4,敗,勝,58.3,ウォークフォワード,False,False
2025-04-27,楽天,away,楽天モバイル,2.0,3.0,敗,,0.3,2.0,3.3,敗,勝,59.2,ウォークフォワード,False,False
2025-04-29,日本ハム,home,PayPayドーム,1.0,2.0,敗,0.4,,1.4,2.0,敗,勝,60.3,ウォークフォワード,False,False
2025-04-30,日本ハム,home,PayPayドーム,1.0,6.0,敗,0.2,,1.2,6.0,敗,勝,59.8,ウォークフォワード,False,False
2025-05-01,日本ハム,home,PayPayドーム,2.0,3.0,敗,0.2,,2.2,3.0,敗,勝,59.7,ウォークフォワード,False,False
2025-05-02,ロッテ,home,PayPayドーム,4.0,3.0,勝,0.4,,4.4,3.0,勝,勝,54.5,ウォークフォワード,True,True
2025-05-03,ロッテ,home,PayPayドーム,5.0,0.0,勝,0.3,,5.3,0.0,勝,勝,63.3,ウォークフォワード,True,True
2025-05-04,ロッテ,home,PayPayドーム,5.0,3.0,勝,0.4,,5.4,3.0,勝,勝,65.6,ウォークフォワード,True,True
2025-05-05,西武,away,メットライフドーム,2.0,0.0,勝,,0.4,2.0,0.4,勝,勝,64.4,ウォークフォワード,True,True
2025-05-06,西武,away,メットライフドーム,10.0,0.0,勝,,1.3,10.0,1.3,勝,勝,59.8,ウォークフォワード,True,True
2025-05-07,西武,away,メットライフドーム,1.0,7.0,敗,,0.3,1.0,7.3,敗,勝,69.6,ウォークフォワード,False,False
2025-05-09,オリックス,away,京セラドーム大阪,11.0,1.0,勝,,0.2,11.0,1.2,勝,勝,53.5,ウォークフォワード,True,True
2025-05-10,オリックス,away,京セラドーム大阪,1.0,6.0,敗,,0.0,1.0,6.0,敗,勝,62.9,ウォークフォワード,False,False
2025-05-11,オリックス,away,京セラドーム大阪,7.0,1.0,勝,,0.3,7.0,1.3,勝,勝,61.4,ウォークフォワード,True,True
2025-05-13,西武,home,京セラドーム大阪,6.0,1.0,勝,1.6,,7.6,1.0,勝,勝,61.4,ウォークフォワード,True,True
2025-05-14,西武,home,PayPayドーム,1.0,3.0,敗,0.0,,1.0,3.0,敗,勝,66.5,ウォークフォワード,False,False
2025-05-15,西武,home,PayPayドーム,5.0,0.0,勝,0.0,,5.0,0.0,勝,勝,68.5,ウォークフォワード,True,True
2025-05-16,楽天,home,PayPayドーム,1.0,5.0,敗,0.7,,1.7,5.0,敗,勝,62.4,ウォークフォワード,False,False
2025-05-17,楽天,home,PayPayドーム,2.0,1.0,勝,0.4,,2.4,1.0,勝,勝,62.6,ウォークフォワード,True,True
2025-05-18,楽天,home,PayPayドーム,2.0,1.0,勝,0.5,,2.5,1.0,勝,勝,66.3,ウォークフォワード,True,True
2025-05-20,日本ハム,away,エスコンF,5.0,2.0,勝,,0.2,5.0,2.2,勝,勝,63.6,ウォークフォワード,True,True
2025-05-21,日本ハム,away,エスコンF,1.0,2.0,敗,,0.5,1.0,2.5,敗,勝,64.2,ウォークフォワード,False,False
2025-05-22,日本ハム,away,エスコンF,4.0,3.0,勝,,0.4,4.0,3.4,勝,勝,61.6,ウォークフォワード,True,True
2025-05-25,オリックス,home,鹿児島,5.0,13.0,敗,0.0,,5.0,13.0,敗,勝,61.4,ウォークフォワード,False,False
2025-05-27,日本ハム,home,PayPayドーム,2.0,5.0,敗,0.3,,2.3,5.0,敗,勝,65.8,ウォークフォワード,False,False
2025-05-28,日本ハム,home,PayPayドーム,2.0,1.0,勝,0.7,,2.7,1.0,勝,勝,68.2,ウォークフォワード,True,True
2025-06-01,楽天,away,楽天モバイル,0.0,3.0,敗,,0.5,0.0,3.5,敗,勝,64.5,ウォークフォワード,False,False
2025-06-03,中日,home,PayPayドーム,4.0,0.0,勝,0.8,,4.8,0.0,勝,勝,56.0,ウォークフォワード,True,True
2025-06-04,中日,home,PayPayドーム,8.0,2.0,勝,1.0,,9.0,2.0,勝,勝,59.2,ウォークフォワード,True,True
2025-06-05,中日,home,PayPayドーム,8.0,4.0,勝,0.8,,8.8,4.0,勝,勝,58.9,ウォークフォワード,True,True
2025-06-06,ヤクルト,away,神宮野球場,2.0,3.0,敗,,1.0,2.0,4.0,敗,勝,53.6,ウォークフォワード,False,False
2025-06-07,ヤクルト,away,神宮野球場,8.0,1.0,勝,,1.4,8.0,2.4,勝,勝,63.3,ウォークフォワード,True,True
2025-06-08,ヤクルト,away,神宮野球場,2.0,4.0,敗,,1.0,2.0,5.0,敗,勝,67.5,ウォークフォワード,False,False
2025-06-10,巨人,home,PayPayドーム,5.0,2.0,勝,0.5,,5.5,2.0,勝,勝,66.6,ウォークフォワード,True,True
2025-06-11,巨人,home,PayPayドーム,3.0,7.0,敗,0.7,,3.7,7.0,敗,勝,64.8,ウォークフォワード,False,False
2025-06-12,巨人,home,PayPayドーム,0.0,0.0,分,,,,,対象外,勝,70.5,ウォークフォワード,,
2025-06-13,DeNA,home,PayPayドーム,4.0,1.0,勝,0.7,,4.7,1.0,勝,勝,61.0,ウォークフォワード,True,True
2025-06-14,DeNA,home,PayPayドーム,4.0,0.0,勝,0.7,,4.7,0.0,勝,勝,66.4,ウォークフォワード,True,True
2025-06-15,DeNA,home,PayPayドーム,4.0,3.0,勝,0.6,,4.6,3.0,勝,勝,65.9,ウォークフォワード,True,True
2025-06-17,広島,away,マツダスタジアム,2.0,0.0,勝,,0.4,2.0,0.4,勝,勝,61.8,ウォークフォワード,True,True
2025-06-18,広島,away,マツダスタジアム,4.0,8.0,敗,,0.2,4.0,8.2,敗,勝,62.5,ウォークフォワード,False,False
2025-06-19,広島,away,マツダスタジアム,16.0,2.0,勝,,0.5,16.0,2.5,勝,勝,54.5,ウォークフォワード,True,True
2025-06-20,阪神,away,甲子園球場,2.0,1.0,勝,,0.3,2.0,1.3,勝,勝,55.8,ウォークフォワード,True,True
2025-06-21,阪神,away,甲子園球場,0.0,3.0,敗,,0.2,0.0,3.2,敗,勝,59.2,ウォークフォワード,False,False
2025-06-22,阪神,away,甲子園球場,3.0,1.0,勝,,0.3,3.0,1.3,勝,勝,61.7,ウォークフォワード,True,True
2025-06-27,ロッテ,away,ZOZOマリンスタジアム,6.0,3.0,勝,,1.8,6.0,4.8,勝,勝,60.4,ウォークフォワード,True,True
2025-06-28,ロッテ,away,ZOZOマリンスタジアム,0.0,5.0,敗,,1.2,0.0,6.2,敗,勝,63.2,ウォークフォワード,False,False
2025-06-29,ロッテ,away,ZOZOマリンスタジアム,2.0,1.0,勝,,0.4,2.0,1.4,勝,勝,60.5,ウォークフォワード,True,True
2025-07-01,日本ハム,home,東京ドーム,1.0,0.0,勝,0.2,,1.2,0.0,勝,勝,62.7,ウォークフォワード,True,True
2025-07-02,日本ハム,home,PayPayドーム,2.0,1.0,勝,0.0,,2.0,1.0,勝,勝,68.8,ウォークフォワード,True,True
2025-07-03,日本ハム,home,PayPayドーム,4.0,1.0,勝,0.0,,4.0,1.0,勝,勝,68.4,ウォークフォワード,True,True
2025-07-04,西武,home,PayPayドーム,0.0,1.0,敗,1.4,,1.4,1.0,勝,勝,62.9,ウォークフォワード,False,True
2025-07-05,西武,home,PayPayドーム,4.0,3.0,勝,0.2,,4.2,3.0,勝,勝,64.5,ウォークフォワード,True,True
2025-07-06,西武,home,PayPayドーム,3.0,1.0,勝,0.0,,3.0,1.0,勝,勝,64.3,ウォークフォワード,True,True
2025-07-08,オリックス,away,京セラドーム大阪,9.0,1.0,勝,,0.2,9.0,1.2,勝,勝,61.1,ウォークフォワード,True,True
2025-07-09,オリックス,away,京セラドーム大阪,1.0,0.0,勝,,0.2,1.0,0.2,勝,勝,60.5,ウォークフォワード,True,True
2025-07-10,オリックス,away,京セラドーム大阪,0.0,4.0,敗,,0.5,0.0,4.5,敗,勝,62.9,ウォークフォワード,False,False
2025-07-11,楽天,away,楽天モバイル,0.0,3.0,敗,,1.8,0.0,4.8,敗,勝,68.8,ウォークフォワード,False,False
2025-07-12,楽天,away,楽天モバイル,0.0,7.0,敗,,0.6,0.0,7.6,敗,勝,68.8,ウォークフォワード,False,False
2025-07-13,楽天,away,楽天モバイル,5.0,3.0,勝,,0.3,5.0,3.3,勝,勝,63.3,ウォークフォワード,True,True
2025-07-15,ロッテ,home,PayPayドーム,10.0,2.0,勝,1.2,,11.2,2.0,勝,勝,62.0,ウォークフォワード,True,True
2025-07-16,ロッテ,home,PayPayドーム,6.0,0.0,勝,0.8,,6.8,0.0,勝,勝,60.4,ウォークフォワード,True,True
2025-07-17,ロッテ,home,北九州,2.0,2.0,分,1.0,,3.0,2.0,勝,勝,59.6,ウォークフォワード,,True
2025-07-19,西武,away,メットライフドーム,4.0,0.0,勝,,0.3,4.0,0.3,勝,勝,56.1,ウォークフォワード,True,True
2025-07-20,西武,away,メットライフドーム,7.0,3.0,勝,,0.3,7.0,3.3,勝,勝,58.7,ウォークフォワード,True,True
2025-07-21,西武,away,メットライフドーム,4.0,1.0,勝,,0.0,4.0,1.0,勝,勝,60.6,ウォークフォワード,True,True
2025-07-26,オリックス,home,PayPayドーム,11.0,3.0,勝,0.7,,11.7,3.0,勝,勝,67.1,ウォークフォワード,True,True
2025-07-27,オリックス,home,PayPayドーム,3.0,1.0,勝,1.0,,4.0,1.0,勝,勝,66.7,ウォークフォワード,True,True
2025-07-29,日本ハム,away,エスコンF,5.0,2.0,勝,,0.5,5.0,2.5,勝,勝,59.2,ウォークフォワード,True,True
2025-07-31,日本ハム,away,エスコンF,5.0,4.0,勝,,0.6,5.0,4.6,勝,勝,61.2,ウォークフォワード,True,True
2025-08-01,楽天,home,PayPayドーム,3.0,1.0,勝,1.2,,4.2,1.0,勝,勝,70.7,ウォークフォワード,True,True
2025-08-02,楽天,home,PayPayドーム,5.0,2.0,勝,0.8,,5.8,2.0,勝,勝,72.7,ウォークフォワード,True,True
2025-08-03,楽天,home,PayPayドーム,8.0,1.0,勝,1.3,,9.3,1.0,勝,勝,70.0,ウォークフォワード,True,True
2025-08-05,ロッテ,away,ZOZOマリンスタジアム,3.0,6.0,敗,,1.0,3.0,7.0,敗,勝,59.9,ウォークフォワード,False,False
2025-08-06,ロッテ,away,ZOZOマリンスタジアム,12.0,3.0,勝,,1.2,12.0,4.2,勝,勝,61.9,ウォークフォワード,True,True
2025-08-07,ロッテ,away,ZOZOマリンスタジアム,2.0,1.0,勝,,1.0,2.0,2.0,分,勝,64.0,ウォークフォワード,True,
2025-08-09,日本ハム,home,PayPayドーム,4.0,1.0,勝,0.2,,4.2,1.0,勝,勝,66.8,ウォークフォワード,True,True
2025-08-10,日本ハム,home,PayPayドーム,1.0,0.0,勝,0.5,,1.5,0.0,勝,勝,63.9,ウォークフォワード,True,True
2025-08-11,日本ハム,home,PayPayドーム,3.0,1.0,勝,0.8,,3.8,1.0,勝,勝,64.9,ウォークフォワード,True,True
2025-08-16,ロッテ,home,PayPayドーム,2.0,7.0,敗,1.5,,3.5,7.0,敗,勝,71.4,ウォークフォワード,False,False
2025-08-17,ロッテ,home,PayPayドーム,1.0,0.0,勝,1.0,,2.0,0.0,勝,勝,69.4,ウォークフォワード,True,True
2025-08-19,西武,home,PayPayドーム,5.0,2.0,勝,1.7,,6.7,2.0,勝,勝,68.9,ウォークフォワード,True,True
2025-08-20,西武,home,PayPayドーム,5.0,4.0,勝,1.8,,6.8,4.0,勝,勝,68.8,ウォークフォワード,True,True
2025-08-22,日本ハム,away,エスコンF,3.0,4.0,敗,,0.3,3.0,4.3,敗,勝,61.7,ウォークフォワード,False,False
2025-08-23,日本ハム,away,エスコンF,3.0,8.0,敗,,0.0,3.0,8.0,敗,勝,59.9,ウォークフォワード,False,False
2025-08-24,日本ハム,away,エスコンF,0.0,1.0,敗,,0.3,0.0,1.3,敗,勝,56.9,ウォークフォワード,False,False
2025-08-26,楽天,away,弘前はるか夢球場,3.0,10.0,敗,,1.4,3.0,11.4,敗,勝,60.1,ウォークフォワード,False,False
2025-08-27,楽天,away,秋田こまちスタジアム,3.0,1.0,勝,,1.2,3.0,2.2,勝,勝,59.8,ウォークフォワード,True,True
2025-08-29,ロッテ,away,ZOZOマリンスタジアム,3.0,1.0,勝,,1.2,3.0,2.2,勝,勝,63.5,ウォークフォワード,True,True
2025-08-30,ロッテ,away,ZOZOマリンスタジアム,4.0,6.0,敗,,1.0,4.0,7.0,敗,勝,63.3,ウォークフォワード,False,False
2025-08-31,ロッテ,away,ZOZOマリンスタジアム,3.0,4.0,敗,,0.8,3.0,4.8,敗,勝,64.0,ウォークフォワード,False,False
2025-09-02,オリックス,home,PayPayドーム,2.0,1.0,勝,0.6,,2.6,1.0,勝,勝,64.3,ウォークフォワード,True,True
2025-09-03,オリックス,home,PayPayドーム,7.0,1.0,勝,1.7,,8.7,1.0,勝,勝,65.2,ウォークフォワード,True,True
2025-09-04,オリックス,home,PayPayドーム,8.0,0.0,勝,0.8,,8.8,0.0,勝,勝,68.1,ウォークフォワード,True,True
2025-09-05,楽天,home,PayPayドーム,11.0,0.0,勝,1.4,,12.4,0.0,勝,勝,68.4,ウォークフォワード,True,True
2025-09-06,楽天,home,PayPayドーム,2.0,1.0,勝,1.0,,3.0,1.0,勝,勝,70.9,ウォークフォワード,True,True
2025-09-07,楽天,home,PayPayドーム,2.0,4.0,敗,1.0,,3.0,4.0,敗,勝,67.8,ウォークフォワード,False,False
2025-09-09,日本ハム,away,エスコンF,4.0,7.0,敗,,0.4,4.0,7.4,敗,勝,57.1,ウォークフォワード,False,False
2025-09-11,ロッテ,away,ZOZOマリンスタジアム,1.0,9.0,敗,,1.0,1.0,10.0,敗,勝,63.2,ウォークフォワード,False,False
2025-09-13,オリックス,away,京セラドーム大阪,2.0,1.0,勝,,0.6,2.0,1.6,勝,勝,50.1,ウォークフォワード,True,True
2025-09-14,オリックス,away,京セラドーム大阪,4.0,3.0,勝,,0.5,4.0,3.5,勝,勝,55.6,ウォークフォワード,True,True
2025-09-15,オリックス,away,京セラドーム大阪,5.0,0.0,勝,,0.4,5.0,0.4,勝,勝,53.3,ウォークフォワード,True,True
2025-09-17,西武,home,PayPayドーム,11.0,8.0,勝,1.7,,12.7,8.0,勝,勝,62.7,ウォークフォワード,True,True
2025-09-18,日本ハム,home,PayPayドーム,3.0,2.0,勝,0.0,,3.0,2.0,勝,勝,66.8,ウォークフォワード,True,True
2025-09-20,オリックス,home,PayPayドーム,4.0,5.0,敗,0.7,,4.7,5.0,敗,勝,63.0,ウォークフォワード,False,False
2025-09-21,オリックス,home,PayPayドーム,1.0,2.0,敗,1.4,,2.4,2.0,勝,勝,62.8,ウォークフォワード,False,True
2025-09-22,オリックス,home,PayPayドーム,0.0,1.0,敗,1.3,,1.3,1.0,勝,勝,63.4,ウォークフォワード,False,True
2025-09-23,オリックス,home,PayPayドーム,0.0,1.0,敗,1.0,,1.0,1.0,分,勝,66.2,ウォークフォワード,False,
2025-09-24,楽天,away,楽天モバイル,8.0,3.0,勝,,1.6,8.0,4.6,勝,勝,57.1,ウォークフォワード,True,True
2025-09-25,楽天,away,楽天モバイル,6.0,0.0,勝,,1.7,6.0,1.7,勝,勝,54.4,ウォークフォワード,True,True
2025-09-26,楽天,away,楽天モバイル,4.0,3.0,勝,,1.7,4.0,4.7,敗,勝,54.6,ウォークフォワード,True,False
2025-09-27,西武,away,メットライフドーム,4.0,1.0,勝,,1.3,4.0,2.3,勝,勝,54.4,ウォークフォワード,True,True
2025-09-30,日本ハム,home,PayPayドーム,1.0,2.0,敗,0.3,,1.3,2.0,敗,勝,66.1,ウォークフォワード,False,False
2025-10-03,オリックス,home,PayPayドーム,10.0,2.0,勝,1.4,,11.4,2.0,勝,勝,62.1,ウォークフォワード,True,True
2025-10-05,ロッテ,away,ZOZOマリンスタジアム,5.0,2.0,勝,,1.2,5.0,3.2,勝,勝,65.5,ウォークフォワード,True,True
2025-10-15,日本ハム,home,PayPayドーム,2.0,1.0,勝,0.8,,2.8,1.0,勝,勝,70.1,ウォークフォワード,True,True
2025-10-16,日本ハム,home,PayPayドーム,3.0,0.0,勝,0.4,,3.4,0.0,勝,勝,68.1,ウォークフォワード,True,True
2025-10-17,日本ハム,home,PayPayドーム,0.0,6.0,敗,0.2,,0.2,6.0,敗,勝,69.0,ウォークフォワード,False,False
2025-10-18,日本ハム,home,PayPayドーム,3.0,9.0,敗,0.2,,3.2,9.0,敗,勝,70.1,ウォークフォワード,False,False
2025-10-19,日本ハム,home,PayPayドーム,1.0,7.0,敗,0.2,,1.2,7.0,敗,勝,71.8,ウォークフォワード,False,False
2025-10-20,日本ハム,home,PayPayドーム,2.0,1.0,勝,0.4,,2.4,1.0,勝,勝,72.5,ウォークフォワード,True,True
2025-10-25,阪神,home,PayPayドーム,1.0,2.0,敗,0.2,,1.2,2.0,敗,勝,65.3,ウォークフォワード,False,False
2025-10-26,阪神,home,PayPayドーム,10.0,1.0,勝,0.2,,10.2,1.0,勝,勝,65.7,ウォークフォワード,True,True
2025-10-28,阪神,away,甲子園球場,2.0,1.0,勝,,0.4,2.0,1.4,勝,勝,58.5,ウォークフォワード,True,True
2025-10-29,阪神,away,甲子園球場,3.0,2.0,勝,,0.4,3.0,2.4,勝,勝,59.4,ウォークフォワード,True,True
2025-10-30,阪神,away,甲子園球場,3.0,2.0,勝,,0.0,3.0,2.0,勝,勝,57.4,ウォークフォワード,True,True
2026-03-01,西武,home,アイビー,6.0,10.0,敗,0.5,,6.5,10.0,敗,勝,59.6,ウォークフォワード,False,False
2026-03-03,ヤクルト,home,PayPayドーム,4.0,3.0,勝,0.7,,4.7,3.0,勝,勝,64.8,ウォークフォワード,True,True
2026-03-04,ヤクルト,home,PayPayドーム,1.0,3.0,敗,0.7,,1.7,3.0,敗,勝,65.2,ウォークフォワード,False,False
2026-03-05,ヤクルト,home,PayPayドーム,5.0,1.0,勝,0.7,,5.7,1.0,勝,勝,67.4,ウォークフォワード,True,True
2026-03-06,阪神,away,甲子園球場,0.0,5.0,敗,,0.2,0.0,5.2,敗,勝,59.3,ウォークフォワード,False,False
2026-03-08,オリックス,away,京セラドーム大阪,1.0,0.0,勝,,0.0,1.0,0.0,勝,勝,61.4,ウォークフォワード,True,True
2026-03-10,巨人,home,宇部,2.0,2.0,分,0.7,,2.7,2.0,勝,勝,69.5,ウォークフォワード,,True
2026-03-11,巨人,home,PayPayドーム,15.0,2.0,勝,0.4,,15.4,2.0,勝,勝,70.2,ウォークフォワード,True,True
2026-03-12,巨人,home,PayPayドーム,0.0,1.0,敗,0.7,,0.7,1.0,敗,勝,70.9,ウォークフォワード,False,False
2026-03-14,DeNA,away,横浜スタジアム,2.0,5.0,敗,,0.2,2.0,5.2,敗,勝,64.6,ウォークフォワード,False,False
2026-03-15,DeNA,away,横浜スタジアム,0.0,5.0,敗,,0.4,0.0,5.4,敗,勝,62.6,ウォークフォワード,False,False
2026-03-17,中日,home,PayPayドーム,5.0,1.0,勝,0.6,,5.6,1.0,勝,勝,60.7,ウォークフォワード,True,True
2026-03-18,中日,home,PayPayドーム,3.0,5.0,敗,0.8,,3.8,5.0,敗,勝,61.8,ウォークフォワード,False,False
2026-03-20,広島,home,PayPayドーム,4.0,3.0,勝,0.8,,4.8,3.0,勝,勝,62.2,ウォークフォワード,True,True
2026-03-21,広島,home,PayPayドーム,5.0,7.0,敗,0.6,,5.6,7.0,敗,勝,60.2,ウォークフォワード,False,False
2026-03-22,広島,away,マツダスタジアム,5.0,5.0,分,,0.3,5.0,5.3,敗,勝,56.5,ウォークフォワード,,False
2026-03-28,日本ハム,home,PayPayドーム,6.0,4.0,勝,0.0,,6.0,4.0,勝,勝,68.7,ウォークフォワード,True,True
2026-03-29,日本ハム,home,PayPayドーム,8.0,4.0,勝,0.2,,8.2,4.0,勝,勝,65.0,ウォークフォワード,True,True
2026-03-31,楽天,away,楽天モバイル,4.0,2.0,勝,,1.0,4.0,3.0,勝,勝,55.2,ウォークフォワード,True,True
2026-04-01,楽天,away,楽天モバイル,6.0,1.0,勝,,1.0,6.0,2.0,勝,勝,58.1,ウォークフォワード,True,True
2026-04-02,楽天,away,楽天モバイル,4.0,5.0,敗,,1.0,4.0,6.0,敗,勝,57.8,ウォークフォワード,False,False
2026-04-03,ロッテ,away,ZOZOマリンスタジアム,2.0,3.0,敗,,1.4,2.0,4.4,敗,勝,62.4,ウォークフォワード,False,False
2026-04-04,ロッテ,away,ZOZOマリンスタジアム,5.0,2.0,勝,,1.0,5.0,3.0,勝,勝,65.4,ウォークフォワード,True,True
2026-04-05,ロッテ,away,ZOZOマリンスタジアム,4.0,3.0,勝,,1.3,4.0,4.3,敗,勝,62.7,ウォークフォワード,True,False
2026-04-07,西武,home,PayPayドーム,6.0,8.0,敗,1.4,,7.4,8.0,敗,勝,59.5,ウォークフォワード,False,False
2026-04-08,西武,home,PayPayドーム,1.0,2.0,敗,1.7,,2.7,2.0,勝,勝,62.4,ウォークフォワード,False,True
2026-04-09,西武,home,PayPayドーム,2.0,0.0,勝,1.0,,3.0,0.0,勝,勝,61.3,ウォークフォワード,True,True
2026-04-11,日本ハム,away,エスコンF,6.0,3.0,勝,,0.2,6.0,3.2,勝,勝,60.1,ウォークフォワード,True,True
2026-04-12,日本ハム,away,エスコンF,11.0,7.0,勝,,0.0,11.0,7.0,勝,勝,63.6,ウォークフォワード,True,True
2026-04-14,楽天,home,PayPayドーム,2.0,3.0,敗,1.0,,3.0,3.0,分,勝,61.3,ウォークフォワード,False,
2026-04-15,楽天,home,PayPayドーム,2.0,3.0,敗,1.4,,3.4,3.0,勝,勝,61.2,ウォークフォワード,False,True
2026-04-16,楽天,home,北九州,6.0,0.0,勝,1.7,,7.7,0.0,勝,勝,63.5,ウォークフォワード,True,True
2026-04-17,オリックス,home,PayPayドーム,4.0,13.0,敗,1.4,,5.4,13.0,敗,勝,65.1,ウォークフォワード,False,False
2026-04-18,オリックス,home,PayPayドーム,7.0,0.0,勝,1.2,,8.2,0.0,勝,勝,65.1,ウォークフォワード,True,True
2026-04-19,オリックス,home,PayPayドーム,1.0,2.0,敗,1.0,,2.0,2.0,分,勝,66.7,ウォークフォワード,False,
2026-04-21,西武,away,メットライフドーム,4.0,6.0,敗,,0.8,4.0,6.8,敗,勝,58.7,ウォークフォワード,False,False
2026-04-22,西武,away,メットライフドーム,1.0,3.0,敗,,0.7,1.0,3.7,敗,勝,61.2,ウォークフォワード,False,False
2026-04-23,西武,away,メットライフドーム,4.0,3.0,勝,,1.6,4.0,4.6,敗,勝,62.8,ウォークフォワード,True,False
2026-04-25,ロッテ,home,熊本,0.0,5.0,敗,1.2,,1.2,5.0,敗,勝,65.0,ウォークフォワード,False,False
2026-04-28,オリックス,away,京セラドーム大阪,7.0,1.0,勝,,0.3,7.0,1.3,勝,勝,62.2,ウォークフォワード,True,True
2026-04-29,オリックス,away,京セラドーム大阪,4.0,5.0,敗,,0.3,4.0,5.3,敗,勝,65.6,ウォークフォワード,False,False
2026-05-01,楽天,home,PayPayドーム,4.0,1.0,勝,1.3,,5.3,1.0,勝,勝,61.7,ウォークフォワード,True,True
2026-05-02,楽天,home,PayPayドーム,5.0,0.0,勝,1.5,,6.5,0.0,勝,勝,58.7,ウォークフォワード,True,True
2026-05-03,楽天,home,PayPayドーム,0.0,7.0,敗,0.8,,0.8,7.0,敗,勝,59.8,ウォークフォワード,False,False
2026-05-04,西武,away,メットライフドーム,2.0,10.0,敗,,0.8,2.0,10.8,敗,勝,62.7,ウォークフォワード,False,False
2026-05-05,西武,away,メットライフドーム,6.0,4.0,勝,,0.8,6.0,4.8,勝,勝,64.0,ウォークフォワード,True,True
2026-05-06,西武,away,メットライフドーム,2.0,10.0,敗,,0.3,2.0,10.3,敗,勝,64.2,ウォークフォワード,False,False
2026-05-08,ロッテ,home,PayPayドーム,6.0,5.0,勝,1.6,,7.6,5.0,勝,勝,64.0,ウォークフォワード,True,True
2026-05-09,ロッテ,home,PayPayドーム,4.0,5.0,敗,1.5,,5.5,5.0,勝,勝,66.6,ウォークフォワード,False,True
2026-05-10,ロッテ,home,PayPayドーム,8.0,3.0,勝,1.2,,9.2,3.0,勝,勝,63.2,ウォークフォワード,True,True
2026-05-12,西武,home,PayPayドーム,0.0,3.0,敗,1.2,,1.2,3.0,敗,勝,67.9,ウォークフォワード,False,False
2026-05-13,西武,home,PayPayドーム,1.0,2.0,敗,0.2,,1.2,2.0,敗,勝,67.9,ウォークフォワード,False,False
2026-05-15,楽天,away,楽天モバイル,3.0,6.0,敗,,0.4,3.0,6.4,敗,勝,57.4,ウォークフォワード,False,False
2026-05-16,楽天,away,楽天モバイル,3.0,4.0,敗,,0.4,3.0,4.4,敗,勝,57.0,ウォークフォワード,False,False
2026-05-17,楽天,away,楽天モバイル,5.0,1.0,勝,,0.4,5.0,1.4,勝,勝,56.9,ウォークフォワード,True,True
2026-05-19,オリックス,away,京セラドーム大阪,1.0,2.0,敗,,0.5,1.0,2.5,敗,勝,59.8,ウォークフォワード,False,False
2026-05-20,オリックス,away,京セラドーム大阪,3.0,8.0,敗,,0.3,3.0,8.3,敗,勝,58.5,ウォークフォワード,False,False
2026-05-22,日本ハム,home,PayPayドーム,10.0,0.0,勝,0.0,,10.0,0.0,勝,勝,53.3,ウォークフォワード,True,True
2026-05-23,日本ハム,home,PayPayドーム,11.0,1.0,勝,0.2,,11.2,1.0,勝,勝,55.7,ウォークフォワード,True,True
2026-05-24,日本ハム,home,PayPayドーム,7.0,6.0,勝,0.0,,7.0,6.0,勝,勝,57.0,ウォークフォワード,True,True
2026-05-26,巨人,away,東京ドーム,8.0,3.0,勝,,1.2,8.0,4.2,勝,勝,61.1,ウォークフォワード,True,True
2026-05-27,巨人,away,東京ドーム,1.0,5.0,敗,,0.6,1.0,5.6,敗,勝,59.5,ウォークフォワード,False,False
2026-05-28,巨人,away,東京ドーム,8.0,4.0,勝,,0.3,8.0,4.3,勝,勝,58.2,ウォークフォワード,True,True
2026-05-29,広島,home,PayPayドーム,2.0,0.0,勝,1.7,,3.7,0.0,勝,勝,60.4,ウォークフォワード,True,True
2026-05-30,広島,home,PayPayドーム,4.0,2.0,勝,1.5,,5.5,2.0,勝,勝,60.1,ウォークフォワード,True,True
2026-05-31,広島,home,PayPayドーム,3.0,1.0,勝,1.3,,4.3,1.0,勝,勝,60.6,ウォークフォワード,True,True
2026-06-02,中日,away,ナゴヤドーム,3.0,0.0,勝,,1.0,3.0,1.0,勝,勝,56.7,ウォークフォワード,True,True
2026-06-04,中日,away,ナゴヤドーム,2.0,1.0,勝,,0.4,2.0,1.4,勝,勝,56.1,ウォークフォワード,True,True
2026-06-05,DeNA,away,横浜スタジアム,3.0,8.0,敗,,1.2,3.0,9.2,敗,勝,63.0,ウォークフォワード,False,False
2026-06-06,DeNA,away,横浜スタジアム,6.0,3.0,勝,,0.8,6.0,3.8,勝,勝,62.8,ウォークフォワード,True,True
2026-06-07,DeNA,away,横浜スタジアム,4.0,2.0,勝,,0.3,4.0,2.3,勝,勝,61.5,ウォークフォワード,True,True
2026-06-09,阪神,home,PayPayドーム,10.0,4.0,勝,0.3,,10.3,4.0,勝,勝,63.7,ウォークフォワード,True,True
2026-06-10,阪神,home,PayPayドーム,6.0,2.0,勝,0.3,,6.3,2.0,勝,勝,62.1,ウォークフォワード,True,True
2026-06-11,阪神,home,PayPayドーム,3.0,2.0,勝,0.2,,3.2,2.0,勝,勝,61.7,ウォークフォワード,True,True
2026-06-12,ヤクルト,home,PayPayドーム,2.0,4.0,敗,1.3,,3.3,4.0,敗,勝,65.7,ウォークフォワード,False,False
2026-06-13,ヤクルト,home,PayPayドーム,8.0,1.0,勝,0.8,,8.8,1.0,勝,勝,66.1,ウォークフォワード,True,True
2026-06-14,ヤクルト,home,PayPayドーム,0.0,4.0,敗,1.2,,1.2,4.0,敗,勝,64.9,ウォークフォワード,False,False
2026-06-19,日本ハム,away,エスコンF,3.0,4.0,敗,,0.3,3.0,4.3,敗,勝,57.8,ウォークフォワード,False,False
2026-06-20,日本ハム,away,エスコンF,10.0,7.0,勝,,0.2,10.0,7.2,勝,勝,55.4,ウォークフォワード,True,True
2026-06-21,日本ハム,away,エスコンF,8.0,0.0,勝,,0.0,8.0,0.0,勝,勝,55.3,ウォークフォワード,True,True
2026-06-23,オリックス,home,PayPayドーム,0.0,5.0,敗,0.8,,0.8,5.0,敗,勝,66.4,ウォークフォワード,False,False
2026-06-24,オリックス,home,PayPayドーム,8.0,5.0,勝,0.5,,8.5,5.0,勝,勝,64.9,ウォークフォワード,True,True
2026-06-25,オリックス,home,PayPayドーム,5.0,2.0,勝,0.9,,5.9,2.0,勝,勝,72.0,ウォークフォワード,True,True
2026-06-28,ロッテ,away,ZOZOマリンスタジアム,3.0,3.0,分,,0.8,3.0,3.8,敗,勝,62.7,ウォークフォワード,,False
2026-06-30,西武,home,東京ドーム,6.0,0.0,勝,0.2,,6.2,0.0,勝,勝,69.7,ウォークフォワード,True,True
2026-07-01,西武,home,PayPayドーム,11.0,0.0,勝,0.7,,11.7,0.0,勝,勝,69.1,ウォークフォワード,True,True
2026-07-02,西武,home,PayPayドーム,3.0,1.0,勝,0.9,,3.9,1.0,勝,勝,70.0,ウォークフォワード,True,True
2026-07-03,ロッテ,home,PayPayドーム,3.0,2.0,勝,1.0,,4.0,2.0,勝,勝,69.5,ウォークフォワード,True,True
2026-07-04,ロッテ,home,PayPayドーム,1.0,8.0,敗,0.7,,1.7,8.0,敗,勝,67.1,ウォークフォワード,False,False
2026-07-05,ロッテ,home,PayPayドーム,7.0,2.0,勝,0.9,,7.9,2.0,勝,勝,67.4,ウォークフォワード,True,True
2026-07-07,オリックス,away,京セラドーム大阪,6.0,3.0,勝,,0.4,6.0,3.4,勝,勝,65.0,ウォークフォワード,True,True
2026-07-08,オリックス,away,京セラドーム大阪,2.0,3.0,敗,,0.8,2.0,3.8,敗,勝,65.4,ウォークフォワード,False,False
2026-07-10,楽天,home,PayPayドーム,3.0,5.0,敗,1.1,,4.1,5.0,敗,勝,70.1,ウォークフォワード,False,False
2026-07-11,楽天,home,PayPayドーム,9.0,2.0,勝,1.1,,10.1,2.0,勝,勝,67.0,ウォークフォワード,True,True
2026-07-12,楽天,home,PayPayドーム,3.0,0.0,勝,1.2,,4.2,0.0,勝,勝,66.1,ウォークフォワード,True,True
2026-07-14,日本ハム,away,エスコンF,4.0,2.0,勝,,0.2,4.0,2.2,勝,勝,56.7,ウォークフォワード,True,True
2026-07-15,日本ハム,away,エスコンF,6.0,7.0,敗,,0.4,6.0,7.4,敗,勝,56.0,ウォークフォワード,False,False
2026-07-16,日本ハム,away,エスコンF,6.0,2.0,勝,,0.5,6.0,2.5,勝,勝,56.1,ウォークフォワード,True,True
2026-07-18,ロッテ,away,ZOZOマリンスタジアム,5.0,4.0,勝,,1.7,5.0,5.7,敗,勝,63.1,ウォークフォワード,True,False
2026-07-19,ロッテ,away,ZOZOマリンスタジアム,3.0,0.0,勝,,1.4,3.0,1.4,勝,勝,67.6,ウォークフォワード,True,True
2026-07-20,ロッテ,away,ZOZOマリンスタジアム,5.0,4.0,勝,,0.5,5.0,4.5,勝,勝,62.7,ウォークフォワード,True,True
2026-07-21,オリックス,home,PayPayドーム,1.0,2.0,敗,0.8,,1.8,2.0,敗,勝,67.3,ウォークフォワード,False,False
2026-07-22,オリックス,home,PayPayドーム,22.0,2.0,勝,1.2,,23.2,2.0,勝,勝,68.3,ウォークフォワード,True,True
2026-07-23,オリックス,home,PayPayドーム,6.0,5.0,勝,1.0,,7.0,5.0,勝,勝,68.6,ウォークフォワード,True,True
2026-07-24,西武,away,メットライフドーム,7.0,3.0,勝,,0.6,7.0,3.6,勝,勝,63.5,ウォークフォワード,True,True
2026-07-25,西武,away,メットライフドーム,6.0,8.0,敗,,0.9,6.0,8.9,敗,勝,65.8,ウォークフォワード,False,False
2026-07-26,西武,away,メットライフドーム,3.0,0.0,勝,,0.7,3.0,0.7,勝,勝,65.8,ウォークフォワード,True,True
2026-08-01,楽天,away,楽天モバイル,5.0,0.0,勝,,0.7,5.0,0.7,勝,勝,64.2,ウォークフォワード,True,True
2026-08-02,楽天,away,楽天モバイル,10.0,6.0,勝,,1.6,10.0,7.6,勝,勝,65.6,ウォークフォワード,True,True
2026-08-04,日本ハム,home,京セラドーム大阪,1.0,0.0,勝,0.6,,1.6,0.0,勝,勝,65.5,ウォークフォワード,True,True
2026-08-05,日本ハム,home,PayPayドーム,7.0,5.0,勝,0.6,,7.6,5.0,勝,勝,66.8,ウォークフォワード,True,True
2026-08-06,日本ハム,home,PayPayドーム,2.0,6.0,敗,0.2,,2.2,6.0,敗,勝,57.4,ウォークフォワード,False,False
2026-08-07,西武,away,メットライフドーム,5.0,2.0,勝,,0.4,5.0,2.4,勝,勝,64.1,ウォークフォワード,True,True
2026-08-08,西武,away,メットライフドーム,1.0,2.0,敗,,0.3,1.0,2.3,敗,勝,66.1,ウォークフォワード,False,False
2026-08-09,西武,away,メットライフドーム,5.0,0.0,勝,,0.8,5.0,0.8,勝,勝,65.6,ウォークフォワード,True,True
2026-08-11,ロッテ,home,PayPayドーム,16.0,2.0,勝,1.0,,17.0,2.0,勝,勝,66.9,ウォークフォワード,True,True
2026-08-12,ロッテ,home,PayPayドーム,10.0,4.0,勝,1.0,,11.0,4.0,勝,勝,70.1,ウォークフォワード,True,True
2026-08-13,ロッテ,home,PayPayドーム,3.0,4.0,敗,1.5,,4.5,4.0,勝,勝,66.1,ウォークフォワード,False,True
2026-08-14,楽天,home,PayPayドーム,2.0,5.0,敗,1.0,,3.0,5.0,敗,勝,67.7,ウォークフォワード,False,False
