file,axis,label,games,hits,accuracy,win_predictions,loss_predictions,handicap_games,handicap_hits,handicap_accuracy
handicap_backtest.csv,全体,全体,435,274,62.98850574712643,434,15,430,277,64.4186046511628
handicap_backtest.csv,年度,2024,160,106,66.25,151,14,155,101,65.16129032258064
handicap_backtest.csv,年度,2025,159,98,61.63522012578616,164,1,158,104,65.82278481012658
handicap_backtest.csv,年度,2026,116,70,60.3448275862069,119,0,117,72,61.53846153846154
handicap_backtest.csv,月,2,2,1,50.0,2,0,2,1,50.0
handicap_backtest.csv,月,3,50,29,57.99999999999999,57,0,55,34,61.81818181818181
handicap_backtest.csv,月,4,64,34,53.125,66,1,63,36,57.14285714285714
handicap_backtest.csv,月,5,68,44,64.70588235294117,60,8,68,44,64.70588235294117
handicap_backtest.csv,月,6,61,42,68.85245901639344,58,6,63,43,68.25396825396825
handicap_backtest.csv,月,7,64,44,68.75,65,0,65,44,67.6923076923077
handicap_backtest.csv,月,8,58,35,60.3448275862069,58,0,57,35,61.40350877192983
handicap_backtest.csv,月,9,43,28,65.11627906976744,43,0,35,26,74.28571428571429
handicap_backtest.csv,月,10,24,17,70.83333333333334,24,0,21,14,66.66666666666666
handicap_backtest.csv,月,11,1,0,0.0,1,0,1,0,0.0
handicap_backtest.csv,対戦相手,DeNA,18,10,55.55555555555556,16,2,18,10,55.55555555555556
handicap_backtest.csv,対戦相手,オリックス,64,40,62.5,64,2,60,40,66.66666666666666
handicap_backtest.csv,対戦相手,ヤクルト,16,9,56.25,16,0,16,9,56.25
handicap_backtest.csv,対戦相手,ロッテ,66,46,69.6969696969697,69,2,69,47,68.11594202898551
handicap_backtest.csv,対戦相手,中日,12,8,66.66666666666666,9,3,12,9,75.0
handicap_backtest.csv,対戦相手,巨人,15,10,66.66666666666666,16,2,16,11,68.75
handicap_backtest.csv,対戦相手,広島,16,12,75.0,18,0,17,13,76.47058823529412
handicap_backtest.csv,対戦相手,日本ハム,73,42,57.534246575342465,73,2,73,42,57.534246575342465
handicap_backtest.csv,対戦相手,楽天,67,40,59.70149253731343,66,1,64,39,60.9375
handicap_backtest.csv,対戦相手,西武,71,45,63.38028169014085,70,1,68,45,66.17647058823529
handicap_backtest.csv,対戦相手,阪神,17,12,70.58823529411765,17,0,17,12,70.58823529411765
handicap_backtest.csv,球場,PayPayドーム,218,139,63.76146788990825,221,2,210,149,70.95238095238095
handicap_backtest.csv,球場,SOKKEN,1,0,0.0,1,0,1,0,0.0
handicap_backtest.csv,球場,ZOZOマリンスタジアム,34,25,73.52941176470588,35,2,36,22,61.111111111111114
handicap_backtest.csv,球場,アイビー,1,0,0.0,1,0,1,0,0.0
handicap_backtest.csv,球場,エスコンF,31,16,51.61290322580645,31,1,30,14,46.666666666666664
handicap_backtest.csv,球場,ナゴヤドーム,5,3,60.0,2,3,5,3,60.0
handicap_backtest.csv,球場,マツダスタジアム,5,3,60.0,6,0,6,3,50.0
handicap_backtest.csv,球場,メットライフドーム,34,22,64.70588235294117,33,1,34,20,58.82352941176471
handicap_backtest.csv,球場,京セラドーム大阪,33,22,66.66666666666666,33,1,32,21,65.625
handicap_backtest.csv,球場,北九州,4,4,100.0,5,0,5,5,100.0
handicap_backtest.csv,球場,宇部,0,0,,1,0,1,1,100.0
handicap_backtest.csv,球場,宮崎,1,0,0.0,0,1,1,0,0.0
handicap_backtest.csv,球場,宮崎アイビー,1,1,100.0,1,0,1,1,100.0
handicap_backtest.csv,球場,弘前はるか夢球場,1,0,0.0,1,0,1,0,0.0
handicap_backtest.csv,球場,東京ドーム,10,9,90.0,8,2,10,9,90.0
handicap_backtest.csv,球場,楽天モバイル,29,16,55.172413793103445,29,0,29,15,51.724137931034484
handicap_backtest.csv,球場,横浜スタジアム,11,6,54.54545454545454,9,2,11,6,54.54545454545454
handicap_backtest.csv,球場,熊本,2,0,0.0,2,0,2,0,0.0
handicap_backtest.csv,球場,甲子園球場,7,5,71.42857142857143,7,0,7,5,71.42857142857143
handicap_backtest.csv,球場,神宮野球場,3,1,33.33333333333333,3,0,3,1,33.33333333333333
handicap_backtest.csv,球場,秋田こまちスタジアム,1,1,100.0,1,0,1,1,100.0
handicap_backtest.csv,球場,長崎,1,0,0.0,2,0,1,0,0.0
handicap_backtest.csv,球場,鹿児島,2,1,50.0,2,0,2,1,50.0
handicap_backtest.csv,AI勝率帯,"[0, 55)",33,24,72.72727272727273,19,15,34,23,67.64705882352942
handicap_backtest.csv,AI勝率帯,"[55, 60)",64,40,62.5,67,0,66,40,60.60606060606061
handicap_backtest.csv,AI勝率帯,"[60, 65)",119,79,66.38655462184873,122,0,119,81,68.0672268907563
handicap_backtest.csv,AI勝率帯,"[65, 70)",112,66,58.92857142857143,113,0,108,67,62.03703703703704
handicap_backtest.csv,AI勝率帯,"[70, 75)",54,33,61.111111111111114,57,0,50,33,66.0
handicap_backtest.csv,AI勝率帯,"[75, 80)",28,18,64.28571428571429,30,0,27,19,70.37037037037037
handicap_backtest.csv,AI勝率帯,"[80, 90)",20,12,60.0,20,0,20,12,60.0
handicap_backtest.csv,AI勝率帯,"[90, 101)",5,2,40.0,6,0,6,2,33.33333333333333
handicap_backtest_before_fix_20260824_184416.csv,全体,全体,435,274,62.98850574712643,434,15,0,0,
handicap_backtest_before_fix_20260824_184416.csv,年度,2024,160,106,66.25,151,14,0,0,
handicap_backtest_before_fix_20260824_184416.csv,年度,2025,159,98,61.63522012578616,164,1,0,0,
handicap_backtest_before_fix_20260824_184416.csv,年度,2026,116,70,60.3448275862069,119,0,0,0,
handicap_backtest_before_fix_20260824_184416.csv,月,2,2,1,50.0,2,0,0,0,
handicap_backtest_before_fix_20260824_184416.csv,月,3,50,29,57.99999999999999,57,0,0,0,
handicap_backtest_before_fix_20260824_184416.csv,月,4,64,34,53.125,66,1,0,0,
handicap_backtest_before_fix_20260824_184416.csv,月,5,68,44,64.70588235294117,60,8,0,0,
handicap_backtest_before_fix_20260824_184416.csv,月,6,61,42,68.85245901639344,58,6,0,0,
handicap_backtest_before_fix_20260824_184416.csv,月,7,64,44,68.75,65,0,0,0,
handicap_backtest_before_fix_20260824_184416.csv,月,8,58,35,60.3448275862069,58,0,0,0,
handicap_backtest_before_fix_20260824_184416.csv,月,9,43,28,65.11627906976744,43,0,0,0,
handicap_backtest_before_fix_20260824_184416.csv,月,10,24,17,70.83333333333334,24,0,0,0,
handicap_backtest_before_fix_20260824_184416.csv,月,11,1,0,0.0,1,0,0,0,
handicap_backtest_before_fix_20260824_184416.csv,対戦相手,DeNA,18,10,55.55555555555556,16,2,0,0,
handicap_backtest_before_fix_20260824_184416.csv,対戦相手,オリックス,64,40,62.5,64,2,0,0,
handicap_backtest_before_fix_20260824_184416.csv,対戦相手,ヤクルト,16,9,56.25,16,0,0,0,
handicap_backtest_before_fix_20260824_184416.csv,対戦相手,ロッテ,66,46,69.6969696969697,69,2,0,0,
handicap_backtest_before_fix_20260824_184416.csv,対戦相手,中日,12,8,66.66666666666666,9,3,0,0,
handicap_backtest_before_fix_20260824_184416.csv,対戦相手,巨人,15,10,66.66666666666666,16,2,0,0,
handicap_backtest_before_fix_20260824_184416.csv,対戦相手,広島,16,12,75.0,18,0,0,0,
handicap_backtest_before_fix_20260824_184416.csv,対戦相手,日本ハム,73,42,57.534246575342465,73,2,0,0,
handicap_backtest_before_fix_20260824_184416.csv,対戦相手,楽天,67,40,59.70149253731343,66,1,0,0,
handicap_backtest_before_fix_20260824_184416.csv,対戦相手,西武,71,45,63.38028169014085,70,1,0,0,
handicap_backtest_before_fix_20260824_184416.csv,対戦相手,阪神,17,12,70.58823529411765,17,0,0,0,
handicap_backtest_before_fix_20260824_184416.csv,球場,PayPayドーム,218,139,63.76146788990825,221,2,0,0,
handicap_backtest_before_fix_20260824_184416.csv,球場,SOKKEN,1,0,0.0,1,0,0,0,
handicap_backtest_before_fix_20260824_184416.csv,球場,ZOZOマリンスタジアム,34,25,73.52941176470588,35,2,0,0,
handicap_backtest_before_fix_20260824_184416.csv,球場,アイビー,1,0,0.0,1,0,0,0,
handicap_backtest_before_fix_20260824_184416.csv,球場,エスコンF,31,16,51.61290322580645,31,1,0,0,
handicap_backtest_before_fix_20260824_184416.csv,球場,ナゴヤドーム,5,3,60.0,2,3,0,0,
handicap_backtest_before_fix_20260824_184416.csv,球場,マツダスタジアム,5,3,60.0,6,0,0,0,
handicap_backtest_before_fix_20260824_184416.csv,球場,メットライフドーム,34,22,64.70588235294117,33,1,0,0,
handicap_backtest_before_fix_20260824_184416.csv,球場,京セラドーム大阪,33,22,66.66666666666666,33,1,0,0,
handicap_backtest_before_fix_20260824_184416.csv,球場,北九州,4,4,100.0,5,0,0,0,
handicap_backtest_before_fix_20260824_184416.csv,球場,宇部,0,0,,1,0,0,0,
handicap_backtest_before_fix_20260824_184416.csv,球場,宮崎,1,0,0.0,0,1,0,0,
handicap_backtest_before_fix_20260824_184416.csv,球場,宮崎アイビー,1,1,100.0,1,0,0,0,
handicap_backtest_before_fix_20260824_184416.csv,球場,弘前はるか夢球場,1,0,0.0,1,0,0,0,
handicap_backtest_before_fix_20260824_184416.csv,球場,東京ドーム,10,9,90.0,8,2,0,0,
handicap_backtest_before_fix_20260824_184416.csv,球場,楽天モバイル,29,16,55.172413793103445,29,0,0,0,
handicap_backtest_before_fix_20260824_184416.csv,球場,横浜スタジアム,11,6,54.54545454545454,9,2,0,0,
handicap_backtest_before_fix_20260824_184416.csv,球場,熊本,2,0,0.0,2,0,0,0,
handicap_backtest_before_fix_20260824_184416.csv,球場,甲子園球場,7,5,71.42857142857143,7,0,0,0,
handicap_backtest_before_fix_20260824_184416.csv,球場,神宮野球場,3,1,33.33333333333333,3,0,0,0,
handicap_backtest_before_fix_20260824_184416.csv,球場,秋田こまちスタジアム,1,1,100.0,1,0,0,0,
handicap_backtest_before_fix_20260824_184416.csv,球場,長崎,1,0,0.0,2,0,0,0,
handicap_backtest_before_fix_20260824_184416.csv,球場,鹿児島,2,1,50.0,2,0,0,0,
handicap_backtest_before_fix_20260824_184416.csv,AI勝率帯,"[0, 55)",33,24,72.72727272727273,19,15,0,0,
handicap_backtest_before_fix_20260824_184416.csv,AI勝率帯,"[55, 60)",64,40,62.5,67,0,0,0,
handicap_backtest_before_fix_20260824_184416.csv,AI勝率帯,"[60, 65)",119,79,66.38655462184873,122,0,0,0,
handicap_backtest_before_fix_20260824_184416.csv,AI勝率帯,"[65, 70)",112,66,58.92857142857143,113,0,0,0,
handicap_backtest_before_fix_20260824_184416.csv,AI勝率帯,"[70, 75)",54,33,61.111111111111114,57,0,0,0,
handicap_backtest_before_fix_20260824_184416.csv,AI勝率帯,"[75, 80)",28,18,64.28571428571429,30,0,0,0,
handicap_backtest_before_fix_20260824_184416.csv,AI勝率帯,"[80, 90)",20,12,60.0,20,0,0,0,
handicap_backtest_before_fix_20260824_184416.csv,AI勝率帯,"[90, 101)",5,2,40.0,6,0,0,0,
handicap_backtest_side_fixed.csv,全体,全体,435,274,62.98850574712643,434,15,430,294,68.37209302325581
handicap_backtest_side_fixed.csv,年度,2024,160,106,66.25,151,14,155,108,69.6774193548387
handicap_backtest_side_fixed.csv,年度,2025,159,98,61.63522012578616,164,1,159,108,67.9245283018868
handicap_backtest_side_fixed.csv,年度,2026,116,70,60.3448275862069,119,0,116,78,67.24137931034483
handicap_backtest_side_fixed.csv,月,2,2,1,50.0,2,0,2,1,50.0
handicap_backtest_side_fixed.csv,月,3,50,29,57.99999999999999,57,0,55,37,67.27272727272727
handicap_backtest_side_fixed.csv,月,4,64,34,53.125,66,1,62,40,64.51612903225806
handicap_backtest_side_fixed.csv,月,5,68,44,64.70588235294117,60,8,66,42,63.63636363636363
handicap_backtest_side_fixed.csv,月,6,61,42,68.85245901639344,58,6,63,45,71.42857142857143
handicap_backtest_side_fixed.csv,月,7,64,44,68.75,65,0,65,48,73.84615384615385
handicap_backtest_side_fixed.csv,月,8,58,35,60.3448275862069,58,0,58,38,65.51724137931035
handicap_backtest_side_fixed.csv,月,9,43,28,65.11627906976744,43,0,37,29,78.37837837837837
handicap_backtest_side_fixed.csv,月,10,24,17,70.83333333333334,24,0,21,14,66.66666666666666
handicap_backtest_side_fixed.csv,月,11,1,0,0.0,1,0,1,0,0.0
handicap_backtest_side_fixed.csv,対戦相手,DeNA,18,10,55.55555555555556,16,2,18,10,55.55555555555556
handicap_backtest_side_fixed.csv,対戦相手,オリックス,64,40,62.5,64,2,61,41,67.21311475409836
handicap_backtest_side_fixed.csv,対戦相手,ヤクルト,16,9,56.25,16,0,16,10,62.5
handicap_backtest_side_fixed.csv,対戦相手,ロッテ,66,46,69.6969696969697,69,2,70,54,77.14285714285715
handicap_backtest_side_fixed.csv,対戦相手,中日,12,8,66.66666666666666,9,3,12,9,75.0
handicap_backtest_side_fixed.csv,対戦相手,巨人,15,10,66.66666666666666,16,2,15,10,66.66666666666666
handicap_backtest_side_fixed.csv,対戦相手,広島,16,12,75.0,18,0,17,14,82.35294117647058
handicap_backtest_side_fixed.csv,対戦相手,日本ハム,73,42,57.534246575342465,73,2,73,45,61.64383561643836
handicap_backtest_side_fixed.csv,対戦相手,楽天,67,40,59.70149253731343,66,1,63,42,66.66666666666666
handicap_backtest_side_fixed.csv,対戦相手,西武,71,45,63.38028169014085,70,1,68,47,69.11764705882352
handicap_backtest_side_fixed.csv,対戦相手,阪神,17,12,70.58823529411765,17,0,17,12,70.58823529411765
handicap_backtest_side_fixed.csv,球場,PayPayドーム,218,139,63.76146788990825,221,2,211,150,71.09004739336493
handicap_backtest_side_fixed.csv,球場,SOKKEN,1,0,0.0,1,0,1,0,0.0
handicap_backtest_side_fixed.csv,球場,ZOZOマリンスタジアム,34,25,73.52941176470588,35,2,37,29,78.37837837837837
handicap_backtest_side_fixed.csv,球場,アイビー,1,0,0.0,1,0,1,0,0.0
handicap_backtest_side_fixed.csv,球場,エスコンF,31,16,51.61290322580645,31,1,30,17,56.666666666666664
handicap_backtest_side_fixed.csv,球場,ナゴヤドーム,5,3,60.0,2,3,5,3,60.0
handicap_backtest_side_fixed.csv,球場,マツダスタジアム,5,3,60.0,6,0,6,4,66.66666666666666
handicap_backtest_side_fixed.csv,球場,メットライフドーム,34,22,64.70588235294117,33,1,33,21,63.63636363636363
handicap_backtest_side_fixed.csv,球場,京セラドーム大阪,33,22,66.66666666666666,33,1,33,22,66.66666666666666
handicap_backtest_side_fixed.csv,球場,北九州,4,4,100.0,5,0,5,5,100.0
handicap_backtest_side_fixed.csv,球場,宇部,0,0,,1,0,1,1,100.0
handicap_backtest_side_fixed.csv,球場,宮崎,1,0,0.0,0,1,1,0,0.0
handicap_backtest_side_fixed.csv,球場,宮崎アイビー,1,1,100.0,1,0,1,1,100.0
handicap_backtest_side_fixed.csv,球場,弘前はるか夢球場,1,0,0.0,1,0,1,0,0.0
handicap_backtest_side_fixed.csv,球場,東京ドーム,10,9,90.0,8,2,9,8,88.88888888888889
handicap_backtest_side_fixed.csv,球場,楽天モバイル,29,16,55.172413793103445,29,0,28,18,64.28571428571429
handicap_backtest_side_fixed.csv,球場,横浜スタジアム,11,6,54.54545454545454,9,2,11,6,54.54545454545454
handicap_backtest_side_fixed.csv,球場,熊本,2,0,0.0,2,0,2,0,0.0
handicap_backtest_side_fixed.csv,球場,甲子園球場,7,5,71.42857142857143,7,0,7,5,71.42857142857143
handicap_backtest_side_fixed.csv,球場,神宮野球場,3,1,33.33333333333333,3,0,3,2,66.66666666666666
handicap_backtest_side_fixed.csv,球場,秋田こまちスタジアム,1,1,100.0,1,0,1,1,100.0
handicap_backtest_side_fixed.csv,球場,長崎,1,0,0.0,2,0,1,0,0.0
handicap_backtest_side_fixed.csv,球場,鹿児島,2,1,50.0,2,0,2,1,50.0
handicap_backtest_side_fixed.csv,AI勝率帯,"[0, 55)",33,24,72.72727272727273,19,15,32,23,71.875
handicap_backtest_side_fixed.csv,AI勝率帯,"[55, 60)",64,40,62.5,67,0,65,42,64.61538461538461
handicap_backtest_side_fixed.csv,AI勝率帯,"[60, 65)",119,79,66.38655462184873,122,0,121,90,74.3801652892562
handicap_backtest_side_fixed.csv,AI勝率帯,"[65, 70)",112,66,58.92857142857143,113,0,108,70,64.81481481481481
handicap_backtest_side_fixed.csv,AI勝率帯,"[70, 75)",54,33,61.111111111111114,57,0,50,34,68.0
handicap_backtest_side_fixed.csv,AI勝率帯,"[75, 80)",28,18,64.28571428571429,30,0,28,20,71.42857142857143
handicap_backtest_side_fixed.csv,AI勝率帯,"[80, 90)",20,12,60.0,20,0,20,12,60.0
handicap_backtest_side_fixed.csv,AI勝率帯,"[90, 101)",5,2,40.0,6,0,6,3,50.0
handicap_backtest_v2.csv,全体,全体,275,168,61.09090909090909,238,37,272,150,55.14705882352941
handicap_backtest_v2.csv,期間,2025_calibration,159,102,64.15094339622641,142,17,157,89,56.68789808917197
handicap_backtest_v2.csv,期間,2026_final_test,116,66,56.896551724137936,96,20,115,61,53.04347826086957
handicap_backtest_v2.csv,年度,2025,159,102,64.15094339622641,142,17,157,89,56.68789808917197
handicap_backtest_v2.csv,年度,2026,116,66,56.896551724137936,96,20,115,61,53.04347826086957
handicap_backtest_v2.csv,月,2,2,0,0.0,1,1,2,2,100.0
handicap_backtest_v2.csv,月,3,33,13,39.39393939393939,23,10,33,19,57.57575757575758
handicap_backtest_v2.csv,月,4,43,24,55.81395348837209,24,19,43,17,39.53488372093023
handicap_backtest_v2.csv,月,5,47,29,61.702127659574465,46,1,47,27,57.446808510638306
handicap_backtest_v2.csv,月,6,39,26,66.66666666666666,34,5,39,25,64.1025641025641
handicap_backtest_v2.csv,月,7,43,33,76.74418604651163,43,0,42,24,57.14285714285714
handicap_backtest_v2.csv,月,8,33,21,63.63636363636363,33,0,32,19,59.375
handicap_backtest_v2.csv,月,9,22,14,63.63636363636363,22,0,21,11,52.38095238095239
handicap_backtest_v2.csv,月,10,13,8,61.53846153846154,12,1,13,6,46.15384615384615
handicap_backtest_v2.csv,対戦相手,DeNA,8,6,75.0,5,3,8,3,37.5
handicap_backtest_v2.csv,対戦相手,オリックス,41,22,53.65853658536586,38,3,41,25,60.97560975609756
handicap_backtest_v2.csv,対戦相手,ヤクルト,11,3,27.27272727272727,7,4,11,5,45.45454545454545
handicap_backtest_v2.csv,対戦相手,ロッテ,41,26,63.41463414634146,40,1,39,21,53.84615384615385
handicap_backtest_v2.csv,対戦相手,中日,9,7,77.77777777777779,9,0,9,8,88.88888888888889
handicap_backtest_v2.csv,対戦相手,巨人,9,4,44.44444444444444,8,1,9,5,55.55555555555556
handicap_backtest_v2.csv,対戦相手,広島,11,7,63.63636363636363,10,1,11,8,72.72727272727273
handicap_backtest_v2.csv,対戦相手,日本ハム,48,28,58.333333333333336,46,2,48,26,54.166666666666664
handicap_backtest_v2.csv,対戦相手,楽天,42,27,64.28571428571429,36,6,41,23,56.09756097560976
handicap_backtest_v2.csv,対戦相手,西武,43,30,69.76744186046511,28,15,43,17,39.53488372093023
handicap_backtest_v2.csv,対戦相手,阪神,12,8,66.66666666666666,11,1,12,9,75.0
handicap_backtest_v2.csv,ホーム区分,0,125,78,62.4,110,15,124,72,58.06451612903226
handicap_backtest_v2.csv,ホーム区分,1,150,90,60.0,128,22,148,78,52.702702702702695
handicap_backtest_v2.csv,AI勝率帯,"[0, 55)",37,18,48.64864864864865,0,37,37,17,45.94594594594595
handicap_backtest_v2.csv,AI勝率帯,"[60, 65)",229,145,63.31877729257642,229,0,226,128,56.63716814159292
handicap_backtest_v2.csv,AI勝率帯,"[65, 70)",9,5,55.55555555555556,9,0,9,5,55.55555555555556
handicap_backtest_v2.csv,勝敗・点差モデル,一致,209,131,62.67942583732058,209,0,207,120,57.971014492753625
handicap_backtest_v2.csv,勝敗・点差モデル,不一致,66,37,56.060606060606055,29,37,65,30,46.15384615384615
handicap_backtest_v3.csv,全体,全体,235,135,57.446808510638306,139,96,232,105,45.258620689655174
handicap_backtest_v3.csv,期間,2025_oof_calibration,133,81,60.902255639097746,83,50,131,59,45.038167938931295
handicap_backtest_v3.csv,期間,2026_final_test,102,54,52.94117647058824,56,46,101,46,45.54455445544555
handicap_backtest_v3.csv,年度,2025,133,81,60.902255639097746,83,50,131,59,45.038167938931295
handicap_backtest_v3.csv,年度,2026,102,54,52.94117647058824,56,46,101,46,45.54455445544555
handicap_backtest_v3.csv,月,3,6,6,100.0,3,3,6,3,50.0
handicap_backtest_v3.csv,月,4,43,29,67.44186046511628,21,22,43,16,37.2093023255814
handicap_backtest_v3.csv,月,5,47,28,59.57446808510638,41,6,47,19,40.42553191489361
handicap_backtest_v3.csv,月,6,39,18,46.15384615384615,16,23,39,22,56.41025641025641
handicap_backtest_v3.csv,月,7,43,25,58.139534883720934,25,18,42,20,47.61904761904761
handicap_backtest_v3.csv,月,8,33,15,45.45454545454545,21,12,32,13,40.625
handicap_backtest_v3.csv,月,9,22,12,54.54545454545454,10,12,21,12,57.14285714285714
handicap_backtest_v3.csv,月,10,2,2,100.0,2,0,2,0,0.0
handicap_backtest_v3.csv,対戦相手,DeNA,6,3,50.0,4,2,6,4,66.66666666666666
handicap_backtest_v3.csv,対戦相手,オリックス,38,21,55.26315789473685,20,18,38,19,50.0
handicap_backtest_v3.csv,対戦相手,ヤクルト,6,4,66.66666666666666,0,6,6,2,33.33333333333333
handicap_backtest_v3.csv,対戦相手,ロッテ,39,22,56.41025641025641,20,19,37,16,43.24324324324324
handicap_backtest_v3.csv,対戦相手,中日,5,3,60.0,3,2,5,3,60.0
handicap_backtest_v3.csv,対戦相手,巨人,5,3,60.0,3,2,5,3,60.0
handicap_backtest_v3.csv,対戦相手,広島,6,5,83.33333333333334,6,0,6,1,16.666666666666664
handicap_backtest_v3.csv,対戦相手,日本ハム,40,26,65.0,36,4,40,15,37.5
handicap_backtest_v3.csv,対戦相手,楽天,42,25,59.523809523809526,28,14,41,16,39.02439024390244
handicap_backtest_v3.csv,対戦相手,西武,42,22,52.38095238095239,17,25,42,22,52.38095238095239
handicap_backtest_v3.csv,対戦相手,阪神,6,1,16.666666666666664,2,4,6,4,66.66666666666666
handicap_backtest_v3.csv,球場,PayPayドーム,114,71,62.28070175438597,55,59,112,47,41.964285714285715
handicap_backtest_v3.csv,球場,ZOZOマリンスタジアム,19,10,52.63157894736842,12,7,18,7,38.88888888888889
handicap_backtest_v3.csv,球場,エスコンF,19,11,57.89473684210527,19,0,19,8,42.10526315789473
handicap_backtest_v3.csv,球場,ナゴヤドーム,2,1,50.0,1,1,2,2,100.0
handicap_backtest_v3.csv,球場,マツダスタジアム,3,2,66.66666666666666,3,0,3,1,33.33333333333333
handicap_backtest_v3.csv,球場,メットライフドーム,22,11,50.0,10,12,22,11,50.0
handicap_backtest_v3.csv,球場,京セラドーム大阪,19,10,52.63157894736842,12,7,19,12,63.1578947368421
handicap_backtest_v3.csv,球場,北九州,1,1,100.0,1,0,1,1,100.0
handicap_backtest_v3.csv,球場,弘前はるか夢球場,1,0,0.0,1,0,1,0,0.0
handicap_backtest_v3.csv,球場,東京ドーム,5,3,60.0,4,1,5,3,60.0
handicap_backtest_v3.csv,球場,楽天モバイル,18,11,61.111111111111114,15,3,18,8,44.44444444444444
handicap_backtest_v3.csv,球場,横浜スタジアム,3,1,33.33333333333333,2,1,3,2,66.66666666666666
handicap_backtest_v3.csv,球場,熊本,1,0,0.0,1,0,1,0,0.0
handicap_backtest_v3.csv,球場,甲子園球場,3,0,0.0,1,2,3,2,66.66666666666666
handicap_backtest_v3.csv,球場,神宮野球場,3,2,66.66666666666666,0,3,3,1,33.33333333333333
handicap_backtest_v3.csv,球場,秋田こまちスタジアム,1,1,100.0,1,0,1,0,0.0
handicap_backtest_v3.csv,球場,鹿児島,1,0,0.0,1,0,1,0,0.0
handicap_backtest_v3.csv,ホーム区分,0,114,61,53.50877192982456,79,35,113,55,48.67256637168141
handicap_backtest_v3.csv,ホーム区分,1,121,74,61.15702479338842,60,61,119,50,42.016806722689076
handicap_backtest_v3.csv,AI勝率帯,"[0, 55)",88,37,42.04545454545455,0,88,86,43,50.0
handicap_backtest_v3.csv,AI勝率帯,"[55, 60)",4,2,50.0,0,4,4,2,50.0
handicap_backtest_v3.csv,AI勝率帯,"[60, 65)",43,28,65.11627906976744,42,1,43,22,51.162790697674424
handicap_backtest_v3.csv,AI勝率帯,"[65, 70)",52,30,57.692307692307686,52,0,51,20,39.21568627450981
handicap_backtest_v3.csv,AI勝率帯,"[70, 75)",27,21,77.77777777777779,26,1,27,11,40.74074074074074
handicap_backtest_v3.csv,AI勝率帯,"[75, 80)",15,12,80.0,14,1,15,5,33.33333333333333
handicap_backtest_v3.csv,AI勝率帯,"[80, 90)",6,5,83.33333333333334,5,1,6,2,33.33333333333333
handicap_backtest_v3.csv,勝敗・点差モデル,一致,110,70,63.63636363636363,108,2,110,51,46.36363636363636
handicap_backtest_v3.csv,勝敗・点差モデル,不一致,125,65,52.0,31,94,122,54,44.26229508196721
handicap_backtest_v3.csv,厳選条件,厳選,42,35,83.33333333333334,39,3,42,17,40.476190476190474
handicap_backtest_v3.csv,厳選条件,非厳選,193,100,51.813471502590666,100,93,190,88,46.31578947368421
handicap_backtest_v3_no_starter.csv,全体,全体,235,135,57.446808510638306,143,92,232,107,46.12068965517241
handicap_backtest_v3_no_starter.csv,期間,2025_oof_calibration,133,84,63.1578947368421,90,43,131,62,47.32824427480916
handicap_backtest_v3_no_starter.csv,期間,2026_final_test,102,51,50.0,53,49,101,45,44.554455445544555
handicap_backtest_v3_no_starter.csv,年度,2025,133,84,63.1578947368421,90,43,131,62,47.32824427480916
handicap_backtest_v3_no_starter.csv,年度,2026,102,51,50.0,53,49,101,45,44.554455445544555
handicap_backtest_v3_no_starter.csv,月,3,6,6,100.0,3,3,6,3,50.0
handicap_backtest_v3_no_starter.csv,月,4,43,25,58.139534883720934,21,22,43,14,32.55813953488372
handicap_backtest_v3_no_starter.csv,月,5,47,32,68.08510638297872,43,4,47,18,38.297872340425535
handicap_backtest_v3_no_starter.csv,月,6,39,20,51.28205128205128,18,21,39,21,53.84615384615385
handicap_backtest_v3_no_starter.csv,月,7,43,25,58.139534883720934,23,20,42,25,59.523809523809526
handicap_backtest_v3_no_starter.csv,月,8,33,16,48.484848484848484,24,9,32,15,46.875
handicap_backtest_v3_no_starter.csv,月,9,22,10,45.45454545454545,10,12,21,11,52.38095238095239
handicap_backtest_v3_no_starter.csv,月,10,2,1,50.0,1,1,2,0,0.0
handicap_backtest_v3_no_starter.csv,対戦相手,DeNA,6,4,66.66666666666666,5,1,6,3,50.0
handicap_backtest_v3_no_starter.csv,対戦相手,オリックス,38,23,60.526315789473685,18,20,38,16,42.10526315789473
handicap_backtest_v3_no_starter.csv,対戦相手,ヤクルト,6,4,66.66666666666666,0,6,6,2,33.33333333333333
handicap_backtest_v3_no_starter.csv,対戦相手,ロッテ,39,23,58.97435897435898,21,18,37,15,40.54054054054054
handicap_backtest_v3_no_starter.csv,対戦相手,中日,5,4,80.0,4,1,5,1,20.0
handicap_backtest_v3_no_starter.csv,対戦相手,巨人,5,3,60.0,3,2,5,2,40.0
handicap_backtest_v3_no_starter.csv,対戦相手,広島,6,5,83.33333333333334,6,0,6,2,33.33333333333333
handicap_backtest_v3_no_starter.csv,対戦相手,日本ハム,40,27,67.5,37,3,40,16,40.0
handicap_backtest_v3_no_starter.csv,対戦相手,楽天,42,20,47.61904761904761,27,15,41,22,53.65853658536586
handicap_backtest_v3_no_starter.csv,対戦相手,西武,42,21,50.0,20,22,42,23,54.761904761904766
handicap_backtest_v3_no_starter.csv,対戦相手,阪神,6,1,16.666666666666664,2,4,6,5,83.33333333333334
handicap_backtest_v3_no_starter.csv,球場,PayPayドーム,114,69,60.526315789473685,59,55,112,47,41.964285714285715
handicap_backtest_v3_no_starter.csv,球場,ZOZOマリンスタジアム,19,9,47.368421052631575,11,8,18,8,44.44444444444444
handicap_backtest_v3_no_starter.csv,球場,エスコンF,19,11,57.89473684210527,19,0,19,8,42.10526315789473
handicap_backtest_v3_no_starter.csv,球場,ナゴヤドーム,2,1,50.0,1,1,2,1,50.0
handicap_backtest_v3_no_starter.csv,球場,マツダスタジアム,3,2,66.66666666666666,3,0,3,2,66.66666666666666
handicap_backtest_v3_no_starter.csv,球場,メットライフドーム,22,10,45.45454545454545,11,11,22,12,54.54545454545454
handicap_backtest_v3_no_starter.csv,球場,京セラドーム大阪,19,13,68.42105263157895,11,8,19,10,52.63157894736842
handicap_backtest_v3_no_starter.csv,球場,北九州,1,1,100.0,1,0,1,1,100.0
handicap_backtest_v3_no_starter.csv,球場,弘前はるか夢球場,1,0,0.0,1,0,1,1,100.0
handicap_backtest_v3_no_starter.csv,球場,東京ドーム,5,3,60.0,4,1,5,3,60.0
handicap_backtest_v3_no_starter.csv,球場,楽天モバイル,18,10,55.55555555555556,14,4,18,8,44.44444444444444
handicap_backtest_v3_no_starter.csv,球場,横浜スタジアム,3,2,66.66666666666666,3,0,3,2,66.66666666666666
handicap_backtest_v3_no_starter.csv,球場,熊本,1,0,0.0,1,0,1,0,0.0
handicap_backtest_v3_no_starter.csv,球場,甲子園球場,3,1,33.33333333333333,2,1,3,2,66.66666666666666
handicap_backtest_v3_no_starter.csv,球場,神宮野球場,3,2,66.66666666666666,0,3,3,1,33.33333333333333
handicap_backtest_v3_no_starter.csv,球場,秋田こまちスタジアム,1,1,100.0,1,0,1,1,100.0
handicap_backtest_v3_no_starter.csv,球場,鹿児島,1,0,0.0,1,0,1,0,0.0
handicap_backtest_v3_no_starter.csv,ホーム区分,0,114,62,54.385964912280706,78,36,113,57,50.442477876106196
handicap_backtest_v3_no_starter.csv,ホーム区分,1,121,73,60.33057851239669,65,56,119,50,42.016806722689076
handicap_backtest_v3_no_starter.csv,AI勝率帯,"[0, 55)",80,34,42.5,0,80,78,36,46.15384615384615
handicap_backtest_v3_no_starter.csv,AI勝率帯,"[55, 60)",6,3,50.0,0,6,6,3,50.0
handicap_backtest_v3_no_starter.csv,AI勝率帯,"[60, 65)",51,31,60.78431372549019,49,2,51,28,54.90196078431373
handicap_backtest_v3_no_starter.csv,AI勝率帯,"[65, 70)",50,31,62.0,49,1,49,20,40.816326530612244
handicap_backtest_v3_no_starter.csv,AI勝率帯,"[70, 75)",31,24,77.41935483870968,31,0,31,16,51.61290322580645
handicap_backtest_v3_no_starter.csv,AI勝率帯,"[75, 80)",11,7,63.63636363636363,11,0,11,2,18.181818181818183
handicap_backtest_v3_no_starter.csv,AI勝率帯,"[80, 90)",4,3,75.0,3,1,4,2,50.0
handicap_backtest_v3_no_starter.csv,AI勝率帯,"[90, 101)",2,2,100.0,0,2,2,0,0.0
handicap_backtest_v3_no_starter.csv,勝敗・点差モデル,一致,120,76,63.33333333333333,117,3,119,61,51.26050420168067
handicap_backtest_v3_no_starter.csv,勝敗・点差モデル,不一致,115,59,51.30434782608696,26,89,113,46,40.707964601769916
handicap_backtest_v3_no_starter.csv,厳選条件,厳選,44,33,75.0,41,3,44,18,40.909090909090914
handicap_backtest_v3_no_starter.csv,厳選条件,非厳選,191,102,53.403141361256544,102,89,188,89,47.340425531914896
handicap_backtest_v3_starter_fixed.csv,全体,全体,235,143,60.851063829787236,171,64,232,113,48.706896551724135
handicap_backtest_v3_starter_fixed.csv,期間,2025_oof_calibration,133,88,66.16541353383458,104,29,131,64,48.854961832061065
handicap_backtest_v3_starter_fixed.csv,期間,2026_final_test,102,55,53.92156862745098,67,35,101,49,48.51485148514851
handicap_backtest_v3_starter_fixed.csv,年度,2025,133,88,66.16541353383458,104,29,131,64,48.854961832061065
handicap_backtest_v3_starter_fixed.csv,年度,2026,102,55,53.92156862745098,67,35,101,49,48.51485148514851
handicap_backtest_v3_starter_fixed.csv,月,3,6,6,100.0,3,3,6,3,50.0
handicap_backtest_v3_starter_fixed.csv,月,4,43,28,65.11627906976744,26,17,43,16,37.2093023255814
handicap_backtest_v3_starter_fixed.csv,月,5,47,29,61.702127659574465,44,3,47,21,44.680851063829785
handicap_backtest_v3_starter_fixed.csv,月,6,39,22,56.41025641025641,24,15,39,24,61.53846153846154
handicap_backtest_v3_starter_fixed.csv,月,7,43,26,60.46511627906976,26,17,42,23,54.761904761904766
handicap_backtest_v3_starter_fixed.csv,月,8,33,17,51.515151515151516,27,6,32,14,43.75
handicap_backtest_v3_starter_fixed.csv,月,9,22,13,59.09090909090909,19,3,21,12,57.14285714285714
handicap_backtest_v3_starter_fixed.csv,月,10,2,2,100.0,2,0,2,0,0.0
handicap_backtest_v3_starter_fixed.csv,対戦相手,DeNA,6,4,66.66666666666666,5,1,6,4,66.66666666666666
handicap_backtest_v3_starter_fixed.csv,対戦相手,オリックス,38,25,65.78947368421053,24,14,38,18,47.368421052631575
handicap_backtest_v3_starter_fixed.csv,対戦相手,ヤクルト,6,2,33.33333333333333,2,4,6,2,33.33333333333333
handicap_backtest_v3_starter_fixed.csv,対戦相手,ロッテ,39,22,56.41025641025641,24,15,37,18,48.64864864864865
handicap_backtest_v3_starter_fixed.csv,対戦相手,中日,5,5,100.0,5,0,5,2,40.0
handicap_backtest_v3_starter_fixed.csv,対戦相手,巨人,5,3,60.0,3,2,5,3,60.0
handicap_backtest_v3_starter_fixed.csv,対戦相手,広島,6,5,83.33333333333334,6,0,6,3,50.0
handicap_backtest_v3_starter_fixed.csv,対戦相手,日本ハム,40,26,65.0,38,2,40,19,47.5
handicap_backtest_v3_starter_fixed.csv,対戦相手,楽天,42,27,64.28571428571429,34,8,41,17,41.46341463414634
handicap_backtest_v3_starter_fixed.csv,対戦相手,西武,42,21,50.0,26,16,42,22,52.38095238095239
handicap_backtest_v3_starter_fixed.csv,対戦相手,阪神,6,3,50.0,4,2,6,5,83.33333333333334
handicap_backtest_v3_starter_fixed.csv,球場,PayPayドーム,114,73,64.03508771929825,73,41,112,49,43.75
handicap_backtest_v3_starter_fixed.csv,球場,ZOZOマリンスタジアム,19,10,52.63157894736842,14,5,18,8,44.44444444444444
handicap_backtest_v3_starter_fixed.csv,球場,エスコンF,19,11,57.89473684210527,19,0,19,9,47.368421052631575
handicap_backtest_v3_starter_fixed.csv,球場,ナゴヤドーム,2,2,100.0,2,0,2,2,100.0
handicap_backtest_v3_starter_fixed.csv,球場,マツダスタジアム,3,2,66.66666666666666,3,0,3,2,66.66666666666666
handicap_backtest_v3_starter_fixed.csv,球場,メットライフドーム,22,10,45.45454545454545,15,7,22,11,50.0
handicap_backtest_v3_starter_fixed.csv,球場,京セラドーム大阪,19,15,78.94736842105263,15,4,19,11,57.89473684210527
handicap_backtest_v3_starter_fixed.csv,球場,北九州,1,1,100.0,1,0,1,1,100.0
handicap_backtest_v3_starter_fixed.csv,球場,弘前はるか夢球場,1,0,0.0,1,0,1,0,0.0
handicap_backtest_v3_starter_fixed.csv,球場,東京ドーム,5,3,60.0,4,1,5,4,80.0
handicap_backtest_v3_starter_fixed.csv,球場,楽天モバイル,18,12,66.66666666666666,16,2,18,9,50.0
handicap_backtest_v3_starter_fixed.csv,球場,横浜スタジアム,3,2,66.66666666666666,3,0,3,2,66.66666666666666
handicap_backtest_v3_starter_fixed.csv,球場,熊本,1,0,0.0,1,0,1,1,100.0
handicap_backtest_v3_starter_fixed.csv,球場,甲子園球場,3,0,0.0,1,2,3,2,66.66666666666666
handicap_backtest_v3_starter_fixed.csv,球場,神宮野球場,3,1,33.33333333333333,1,2,3,1,33.33333333333333
handicap_backtest_v3_starter_fixed.csv,球場,秋田こまちスタジアム,1,1,100.0,1,0,1,1,100.0
handicap_backtest_v3_starter_fixed.csv,球場,鹿児島,1,0,0.0,1,0,1,0,0.0
handicap_backtest_v3_starter_fixed.csv,ホーム区分,0,114,66,57.89473684210527,92,22,113,59,52.21238938053098
handicap_backtest_v3_starter_fixed.csv,ホーム区分,1,121,77,63.63636363636363,79,42,119,54,45.378151260504204
handicap_backtest_v3_starter_fixed.csv,AI勝率帯,"[0, 55)",52,24,46.15384615384615,0,52,50,22,44.0
handicap_backtest_v3_starter_fixed.csv,AI勝率帯,"[55, 60)",30,19,63.33333333333333,24,6,30,15,50.0
handicap_backtest_v3_starter_fixed.csv,AI勝率帯,"[60, 65)",49,31,63.26530612244898,47,2,49,29,59.183673469387756
handicap_backtest_v3_starter_fixed.csv,AI勝率帯,"[65, 70)",52,30,57.692307692307686,51,1,51,25,49.01960784313725
handicap_backtest_v3_starter_fixed.csv,AI勝率帯,"[70, 75)",29,21,72.41379310344827,29,0,29,10,34.48275862068966
handicap_backtest_v3_starter_fixed.csv,AI勝率帯,"[75, 80)",14,11,78.57142857142857,14,0,14,9,64.28571428571429
handicap_backtest_v3_starter_fixed.csv,AI勝率帯,"[80, 90)",8,6,75.0,6,2,8,3,37.5
handicap_backtest_v3_starter_fixed.csv,AI勝率帯,"[90, 101)",1,1,100.0,0,1,1,0,0.0
handicap_backtest_v3_starter_fixed.csv,勝敗・点差モデル,一致,145,92,63.44827586206897,144,1,145,76,52.41379310344828
handicap_backtest_v3_starter_fixed.csv,勝敗・点差モデル,不一致,90,51,56.666666666666664,27,63,87,37,42.5287356321839
handicap_backtest_v3_starter_fixed.csv,厳選条件,厳選,52,39,75.0,49,3,52,22,42.30769230769231
handicap_backtest_v3_starter_fixed.csv,厳選条件,非厳選,183,104,56.830601092896174,122,61,180,91,50.55555555555556
